Date,transactionfees14trxUSD
2010/07/17,0
2010/07/18,0
2010/07/19,0
2010/07/20,0
2010/07/21,0
2010/07/22,0
2010/07/23,0
2010/07/24,0
2010/07/25,0
2010/07/26,0
2010/07/27,0
2010/07/28,0
2010/07/29,0
2010/07/30,0
2010/07/31,0
2010/08/01,0
2010/08/02,0
2010/08/03,0
2010/08/04,0
2010/08/05,0
2010/08/06,0
2010/08/07,0
2010/08/08,0
2010/08/09,0
2010/08/10,0
2010/08/11,0
2010/08/12,0
2010/08/13,0
2010/08/14,0
2010/08/15,0
2010/08/16,0
2010/08/17,0
2010/08/18,0
2010/08/19,0
2010/08/20,0
2010/08/21,0
2010/08/22,0
2010/08/23,0
2010/08/24,0
2010/08/25,0
2010/08/26,-2.523
2010/08/27,-2.789
2010/08/28,-3.102
2010/08/29,-3.16
2010/08/30,-3.068
2010/08/31,-3.023
2010/09/01,-3.062
2010/09/02,-3.205
2010/09/03,-3.418
2010/09/04,-3.677
2010/09/05,-3.952
2010/09/06,-4.243
2010/09/07,-4.539
2010/09/08,-4.836
2010/09/09,-5.028
2010/09/10,-5.237
2010/09/11,-5.456
2010/09/12,-5.529
2010/09/13,-5.639
2010/09/14,-5.765
2010/09/15,-5.912
2010/09/16,-6.073
2010/09/17,-6.243
2010/09/18,-6.105
2010/09/19,-6.039
2010/09/20,-6.031
2010/09/21,-6.069
2010/09/22,-6.143
2010/09/23,-6.243
2010/09/24,-6.362
2010/09/25,-6.495
2010/09/26,-6.638
2010/09/27,-6.758
2010/09/28,-4.023
2010/09/29,-2.037
2010/09/30,-0.784
2010/10/01,0.636
2010/10/02,1.298
2010/10/03,1.428
2010/10/04,1.196
2010/10/05,0.752
2010/10/06,0.195
2010/10/07,-0.411
2010/10/08,-1.025
2010/10/09,-1.625
2010/10/10,-2.198
2010/10/11,-2.739
2010/10/12,-3.246
2010/10/13,-1.849
2010/10/14,-1.03
2010/10/15,-0.666
2010/10/16,-0.629
2010/10/17,-0.813
2010/10/18,-1.067
2010/10/19,-1.427
2010/10/20,-1.844
2010/10/21,-2.263
2010/10/22,-2.696
2010/10/23,-2.944
2010/10/24,-3.239
2010/10/25,-3.56
2010/10/26,-3.893
2010/10/27,-4.227
2010/10/28,-4.557
2010/10/29,-4.876
2010/10/30,-5.184
2010/10/31,-5.479
2010/11/01,-5.76
2010/11/02,-6.026
2010/11/03,-6.279
2010/11/04,-6.518
2010/11/05,-6.744
2010/11/06,-6.958
2010/11/07,-7.161
2010/11/08,20.923
2010/11/09,31.641
2010/11/10,29.721
2010/11/11,24.414
2010/11/12,19.219
2010/11/13,14.879
2010/11/14,11.382
2010/11/15,8.767
2010/11/16,6.563
2010/11/17,4.708
2010/11/18,3.138
2010/11/19,1.814
2010/11/20,0.835
2010/11/21,0.1
2010/11/22,4.185
2010/11/23,9.707
2010/11/24,11.626
2010/11/25,11.292
2010/11/26,10.29
2010/11/27,8.8
2010/11/28,7.141
2010/11/29,5.622
2010/11/30,4.21
2010/12/01,2.985
2010/12/02,1.995
2010/12/03,1.082
2010/12/04,0.252
2010/12/05,-0.448
2010/12/06,-1.01
2010/12/07,-1.44
2010/12/08,-1.814
2010/12/09,-2.148
2010/12/10,-2.353
2010/12/11,-2.444
2010/12/12,-2.448
2010/12/13,-2.183
2010/12/14,-2.071
2010/12/15,-2.028
2010/12/16,-1.925
2010/12/17,-1.384
2010/12/18,-1.033
2010/12/19,-0.732
2010/12/20,-0.66
2010/12/21,-0.607
2010/12/22,-0.486
2010/12/23,-0.484
2010/12/24,-0.524
2010/12/25,-0.64
2010/12/26,-0.73
2010/12/27,-0.803
2010/12/28,-0.851
2010/12/29,-0.688
2010/12/30,-0.556
2010/12/31,-0.615
2011/01/01,-0.665
2011/01/02,-0.664
2011/01/03,-0.071
2011/01/04,0.125
2011/01/05,0.095
2011/01/06,-0.002
2011/01/07,-0.233
2011/01/08,-0.593
2011/01/09,-0.884
2011/01/10,-1.202
2011/01/11,-1.556
2011/01/12,-1.607
2011/01/13,-1.78
2011/01/14,-1.973
2011/01/15,-2.054
2011/01/16,-2.075
2011/01/17,-1.863
2011/01/18,-1.795
2011/01/19,-1.816
2011/01/20,-1.742
2011/01/21,-1.759
2011/01/22,-1.201
2011/01/23,-0.194
2011/01/24,0.653
2011/01/25,1.265
2011/01/26,1.6
2011/01/27,3.101
2011/01/28,3.712
2011/01/29,4.302
2011/01/30,6.294
2011/01/31,7.902
2011/02/01,9.975
2011/02/02,10.116
2011/02/03,9.668
2011/02/04,8.766
2011/02/05,7.919
2011/02/06,6.998
2011/02/07,6.641
2011/02/08,6.217
2011/02/09,5.442
2011/02/10,5.277
2011/02/11,4.998
2011/02/12,5.003
2011/02/13,4.683
2011/02/14,6.284
2011/02/15,6.672
2011/02/16,6.603
2011/02/17,5.945
2011/02/18,5.263
2011/02/19,4.669
2011/02/20,3.908
2011/02/21,3.185
2011/02/22,2.438
2011/02/23,1.774
2011/02/24,1.112
2011/02/25,0.594
2011/02/26,0.281
2011/02/27,0.273
2011/02/28,0.276
2011/03/01,0.158
2011/03/02,0.013
2011/03/03,1.623
2011/03/04,2.64
2011/03/05,3.931
2011/03/06,6.425
2011/03/07,9.497
2011/03/08,11.156
2011/03/09,11.826
2011/03/10,11.603
2011/03/11,11.95
2011/03/12,11.047
2011/03/13,9.696
2011/03/14,8.257
2011/03/15,6.874
2011/03/16,5.589
2011/03/17,4.39
2011/03/18,3.348
2011/03/19,2.391
2011/03/20,1.578
2011/03/21,1.071
2011/03/22,1.513
2011/03/23,2.378
2011/03/24,3.445
2011/03/25,4.262
2011/03/26,4.532
2011/03/27,4.682
2011/03/28,4.519
2011/03/29,4.13
2011/03/30,3.829
2011/03/31,3.503
2011/04/01,3.221
2011/04/02,2.873
2011/04/03,2.625
2011/04/04,2.425
2011/04/05,2.255
2011/04/06,2.14
2011/04/07,1.952
2011/04/08,1.799
2011/04/09,1.679
2011/04/10,1.658
2011/04/11,1.598
2011/04/12,1.536
2011/04/13,1.421
2011/04/14,1.767
2011/04/15,1.835
2011/04/16,1.802
2011/04/17,1.601
2011/04/18,1.329
2011/04/19,1.109
2011/04/20,1.061
2011/04/21,1.031
2011/04/22,1.184
2011/04/23,1.466
2011/04/24,2.003
2011/04/25,2.698
2011/04/26,3.044
2011/04/27,3.284
2011/04/28,3.526
2011/04/29,3.836
2011/04/30,4.357
2011/05/01,5.131
2011/05/02,5.496
2011/05/03,5.623
2011/05/04,5.801
2011/05/05,6.069
2011/05/06,6.203
2011/05/07,6.076
2011/05/08,6.059
2011/05/09,6.214
2011/05/10,6.429
2011/05/11,6.742
2011/05/12,6.904
2011/05/13,7.339
2011/05/14,8.026
2011/05/15,8.798
2011/05/16,9.325
2011/05/17,9.51
2011/05/18,9.461
2011/05/19,9.177
2011/05/20,8.725
2011/05/21,8.256
2011/05/22,7.715
2011/05/23,7.121
2011/05/24,6.618
2011/05/25,6.177
2011/05/26,5.761
2011/05/27,5.338
2011/05/28,4.903
2011/05/29,4.491
2011/05/30,4.192
2011/05/31,3.938
2011/06/01,3.782
2011/06/02,3.672
2011/06/03,3.646
2011/06/04,3.921
2011/06/05,4.191
2011/06/06,4.458
2011/06/07,4.835
2011/06/08,5.545
2011/06/09,6.364
2011/06/10,6.968
2011/06/11,7.103
2011/06/12,6.909
2011/06/13,6.551
2011/06/14,6.02
2011/06/15,5.499
2011/06/16,4.9
2011/06/17,4.282
2011/06/18,3.659
2011/06/19,3.057
2011/06/20,2.454
2011/06/21,1.882
2011/06/22,1.329
2011/06/23,0.8
2011/06/24,0.318
2011/06/25,-0.037
2011/06/26,-0.287
2011/06/27,-0.484
2011/06/28,-0.67
2011/06/29,-0.825
2011/06/30,-0.971
2011/07/01,-1.117
2011/07/02,-1.251
2011/07/03,-1.391
2011/07/04,-1.528
2011/07/05,-1.637
2011/07/06,-1.751
2011/07/07,-1.863
2011/07/08,-1.965
2011/07/09,-2.048
2011/07/10,-2.123
2011/07/11,-2.195
2011/07/12,-2.25
2011/07/13,-2.283
2011/07/14,-2.305
2011/07/15,-2.269
2011/07/16,-2.266
2011/07/17,-2.267
2011/07/18,-2.27
2011/07/19,-2.25
2011/07/20,-2.254
2011/07/21,-2.282
2011/07/22,-2.28
2011/07/23,-2.303
2011/07/24,-2.317
2011/07/25,-2.314
2011/07/26,-2.338
2011/07/27,-2.355
2011/07/28,-2.389
2011/07/29,-2.427
2011/07/30,-2.469
2011/07/31,-2.522
2011/08/01,-2.566
2011/08/02,-2.619
2011/08/03,-2.665
2011/08/04,-2.723
2011/08/05,-2.791
2011/08/06,-2.63
2011/08/07,-2.562
2011/08/08,-2.541
2011/08/09,-2.517
2011/08/10,-2.469
2011/08/11,-2.449
2011/08/12,-2.462
2011/08/13,-2.48
2011/08/14,-2.422
2011/08/15,-2.332
2011/08/16,-2.24
2011/08/17,-2.173
2011/08/18,-2.136
2011/08/19,-2.075
2011/08/20,-2.039
2011/08/21,-2.024
2011/08/22,-1.982
2011/08/23,-1.923
2011/08/24,-1.811
2011/08/25,-1.74
2011/08/26,-1.749
2011/08/27,-1.794
2011/08/28,-1.848
2011/08/29,-1.928
2011/08/30,-1.917
2011/08/31,-1.926
2011/09/01,-1.956
2011/09/02,-1.957
2011/09/03,-1.994
2011/09/04,-1.925
2011/09/05,-1.854
2011/09/06,-1.826
2011/09/07,-1.78
2011/09/08,-1.792
2011/09/09,-1.816
2011/09/10,-1.885
2011/09/11,-1.984
2011/09/12,-2.08
2011/09/13,-2.198
2011/09/14,-2.332
2011/09/15,-2.405
2011/09/16,-2.486
2011/09/17,-2.548
2011/09/18,-2.592
2011/09/19,-2.612
2011/09/20,-2.613
2011/09/21,-2.62
2011/09/22,-2.643
2011/09/23,-2.666
2011/09/24,-2.589
2011/09/25,-2.555
2011/09/26,-2.566
2011/09/27,-2.567
2011/09/28,-2.565
2011/09/29,-2.581
2011/09/30,-2.602
2011/10/01,-2.605
2011/10/02,-2.602
2011/10/03,-2.429
2011/10/04,-2.304
2011/10/05,-2.203
2011/10/06,-1.972
2011/10/07,-1.803
2011/10/08,-1.722
2011/10/09,-1.721
2011/10/10,-1.766
2011/10/11,-1.779
2011/10/12,-1.786
2011/10/13,-1.77
2011/10/14,-1.799
2011/10/15,-1.848
2011/10/16,-1.906
2011/10/17,-1.972
2011/10/18,-2.085
2011/10/19,-2.223
2011/10/20,-2.282
2011/10/21,-2.386
2011/10/22,-2.496
2011/10/23,-2.595
2011/10/24,-2.684
2011/10/25,-2.778
2011/10/26,-2.855
2011/10/27,-2.911
2011/10/28,-2.932
2011/10/29,-2.905
2011/10/30,-2.827
2011/10/31,-2.734
2011/11/01,-2.564
2011/11/02,-2.423
2011/11/03,-2.33
2011/11/04,-2.267
2011/11/05,-2.193
2011/11/06,-2.153
2011/11/07,-2.088
2011/11/08,-1.984
2011/11/09,-1.908
2011/11/10,-1.859
2011/11/11,-1.855
2011/11/12,-1.851
2011/11/13,-1.831
2011/11/14,-1.841
2011/11/15,-1.883
2011/11/16,-1.893
2011/11/17,-1.893
2011/11/18,-1.88
2011/11/19,-1.857
2011/11/20,-1.787
2011/11/21,-1.733
2011/11/22,-1.697
2011/11/23,-1.644
2011/11/24,-1.521
2011/11/25,-1.346
2011/11/26,-1.202
2011/11/27,-1.114
2011/11/28,-1.061
2011/11/29,-0.959
2011/11/30,-0.865
2011/12/01,-0.689
2011/12/02,-0.451
2011/12/03,-0.151
2011/12/04,0.033
2011/12/05,0.115
2011/12/06,0.156
2011/12/07,0.214
2011/12/08,0.209
2011/12/09,0.192
2011/12/10,0.156
2011/12/11,19.101
2011/12/12,39.558
2011/12/13,37.912
2011/12/14,30.569
2011/12/15,23.82
2011/12/16,18.346
2011/12/17,14.098
2011/12/18,10.779
2011/12/19,8.157
2011/12/20,6.076
2011/12/21,4.38
2011/12/22,2.966
2011/12/23,1.764
2011/12/24,0.737
2011/12/25,-0.137
2011/12/26,-0.884
2011/12/27,-1.528
2011/12/28,-2.078
2011/12/29,-2.533
2011/12/30,-2.923
2011/12/31,-3.239
2012/01/01,-3.491
2012/01/02,-3.644
2012/01/03,-3.733
2012/01/04,-3.551
2012/01/05,-3.38
2012/01/06,-3.173
2012/01/07,-2.985
2012/01/08,-2.846
2012/01/09,-2.652
2012/01/10,-2.496
2012/01/11,-2.346
2012/01/12,-0.969
2012/01/13,0.092
2012/01/14,0.964
2012/01/15,1.722
2012/01/16,3.125
2012/01/17,3.772
2012/01/18,3.972
2012/01/19,4.331
2012/01/20,4.694
2012/01/21,4.495
2012/01/22,3.956
2012/01/23,3.295
2012/01/24,2.68
2012/01/25,2.059
2012/01/26,1.504
2012/01/27,1.28
2012/01/28,1.024
2012/01/29,4.768
2012/01/30,6.971
2012/01/31,7.549
2012/02/01,7.143
2012/02/02,6.35
2012/02/03,5.345
2012/02/04,4.312
2012/02/05,3.273
2012/02/06,2.292
2012/02/07,1.409
2012/02/08,0.607
2012/02/09,-0.092
2012/02/10,-0.739
2012/02/11,-1.329
2012/02/12,-1.862
2012/02/13,-2.333
2012/02/14,-2.687
2012/02/15,-3.021
2012/02/16,-3.306
2012/02/17,-3.581
2012/02/18,-3.844
2012/02/19,-4.096
2012/02/20,-4.316
2012/02/21,-4.516
2012/02/22,-4.7
2012/02/23,-4.849
2012/02/24,-4.959
2012/02/25,-5.053
2012/02/26,-5.118
2012/02/27,-5.125
2012/02/28,-5.117
2012/02/29,-5.103
2012/03/01,-5.012
2012/03/02,-4.919
2012/03/03,-4.842
2012/03/04,-4.733
2012/03/05,-4.59
2012/03/06,-4.412
2012/03/07,-4.239
2012/03/08,-4.067
2012/03/09,-3.892
2012/03/10,-3.676
2012/03/11,-3.489
2012/03/12,-3.31
2012/03/13,-2.903
2012/03/14,-2.527
2012/03/15,-2.233
2012/03/16,-1.805
2012/03/17,-1.518
2012/03/18,-1.335
2012/03/19,-1.211
2012/03/20,-1.117
2012/03/21,-1.106
2012/03/22,-1.143
2012/03/23,-1.163
2012/03/24,-0.702
2012/03/25,-0.289
2012/03/26,-0.095
2012/03/27,-0.018
2012/03/28,-0.006
2012/03/29,-0.063
2012/03/30,-0.147
2012/03/31,-0.215
2012/04/01,-0.284
2012/04/02,-0.361
2012/04/03,-0.434
2012/04/04,-0.49
2012/04/05,-0.532
2012/04/06,-0.552
2012/04/07,-0.594
2012/04/08,-0.635
2012/04/09,-0.692
2012/04/10,-0.682
2012/04/11,-0.673
2012/04/12,-0.634
2012/04/13,-0.631
2012/04/14,-0.594
2012/04/15,-0.616
2012/04/16,-0.612
2012/04/17,-0.535
2012/04/18,-0.454
2012/04/19,-0.362
2012/04/20,-0.215
2012/04/21,-0.099
2012/04/22,0.015
2012/04/23,0.058
2012/04/24,0.134
2012/04/25,0.192
2012/04/26,0.402
2012/04/27,0.606
2012/04/28,0.779
2012/04/29,0.784
2012/04/30,0.686
2012/05/01,0.565
2012/05/02,0.446
2012/05/03,0.373
2012/05/04,0.31
2012/05/05,0.212
2012/05/06,0.113
2012/05/07,0.042
2012/05/08,-0.02
2012/05/09,-0.037
2012/05/10,-0.048
2012/05/11,-0.092
2012/05/12,-0.167
2012/05/13,-0.195
2012/05/14,-0.133
2012/05/15,-0.032
2012/05/16,0.029
2012/05/17,0.053
2012/05/18,0.055
2012/05/19,0.106
2012/05/20,0.101
2012/05/21,0.054
2012/05/22,-0.041
2012/05/23,-0.114
2012/05/24,-0.158
2012/05/25,-0.201
2012/05/26,-0.239
2012/05/27,-0.275
2012/05/28,-0.309
2012/05/29,-0.368
2012/05/30,-0.383
2012/05/31,-0.414
2012/06/01,-0.447
2012/06/02,-0.494
2012/06/03,-0.543
2012/06/04,-0.573
2012/06/05,-0.564
2012/06/06,-0.512
2012/06/07,-0.453
2012/06/08,-0.371
2012/06/09,-0.279
2012/06/10,-0.211
2012/06/11,-0.185
2012/06/12,-0.16
2012/06/13,-0.11
2012/06/14,-0.058
2012/06/15,-0.001
2012/06/16,0.077
2012/06/17,0.145
2012/06/18,0.246
2012/06/19,0.365
2012/06/20,0.484
2012/06/21,0.824
2012/06/22,1.147
2012/06/23,1.393
2012/06/24,1.507
2012/06/25,1.487
2012/06/26,1.401
2012/06/27,1.275
2012/06/28,1.133
2012/06/29,0.955
2012/06/30,0.803
2012/07/01,0.627
2012/07/02,0.535
2012/07/03,0.424
2012/07/04,0.312
2012/07/05,0.212
2012/07/06,0.166
2012/07/07,0.546
2012/07/08,0.743
2012/07/09,0.844
2012/07/10,0.905
2012/07/11,0.908
2012/07/12,0.859
2012/07/13,0.796
2012/07/14,0.759
2012/07/15,0.736
2012/07/16,0.743
2012/07/17,0.739
2012/07/18,0.849
2012/07/19,0.947
2012/07/20,1.186
2012/07/21,1.299
2012/07/22,1.293
2012/07/23,1.267
2012/07/24,1.186
2012/07/25,1.073
2012/07/26,0.964
2012/07/27,0.881
2012/07/28,0.794
2012/07/29,0.685
2012/07/30,0.587
2012/07/31,0.477
2012/08/01,0.434
2012/08/02,0.426
2012/08/03,0.608
2012/08/04,0.742
2012/08/05,0.936
2012/08/06,1.121
2012/08/07,1.256
2012/08/08,1.678
2012/08/09,1.892
2012/08/10,2.439
2012/08/11,2.675
2012/08/12,2.66
2012/08/13,2.507
2012/08/14,2.315
2012/08/15,2.139
2012/08/16,1.977
2012/08/17,1.875
2012/08/18,1.677
2012/08/19,1.428
2012/08/20,1.2
2012/08/21,0.953
2012/08/22,0.711
2012/08/23,0.501
2012/08/24,0.31
2012/08/25,0.184
2012/08/26,0.101
2012/08/27,0.115
2012/08/28,0.186
2012/08/29,0.239
2012/08/30,0.329
2012/08/31,0.39
2012/09/01,0.457
2012/09/02,0.539
2012/09/03,0.623
2012/09/04,0.657
2012/09/05,0.626
2012/09/06,0.547
2012/09/07,0.44
2012/09/08,0.361
2012/09/09,0.297
2012/09/10,0.251
2012/09/11,0.253
2012/09/12,0.262
2012/09/13,0.255
2012/09/14,0.201
2012/09/15,0.114
2012/09/16,0.005
2012/09/17,-0.085
2012/09/18,-0.122
2012/09/19,-0.123
2012/09/20,-0.134
2012/09/21,-0.002
2012/09/22,0.109
2012/09/23,0.185
2012/09/24,0.349
2012/09/25,0.422
2012/09/26,0.437
2012/09/27,0.401
2012/09/28,0.799
2012/09/29,0.998
2012/09/30,1.04
2012/10/01,1.021
2012/10/02,1.06
2012/10/03,1.049
2012/10/04,2.23
2012/10/05,2.867
2012/10/06,3.084
2012/10/07,3.04
2012/10/08,2.816
2012/10/09,2.497
2012/10/10,2.146
2012/10/11,1.811
2012/10/12,1.47
2012/10/13,1.118
2012/10/14,0.769
2012/10/15,0.458
2012/10/16,0.191
2012/10/17,0.328
2012/10/18,0.324
2012/10/19,0.232
2012/10/20,0.078
2012/10/21,-0.105
2012/10/22,-0.305
2012/10/23,-0.487
2012/10/24,-0.649
2012/10/25,-0.806
2012/10/26,-0.911
2012/10/27,-0.995
2012/10/28,-1.07
2012/10/29,-1.107
2012/10/30,-1.122
2012/10/31,-1.1
2012/11/01,-1.047
2012/11/02,-0.96
2012/11/03,-0.889
2012/11/04,-0.823
2012/11/05,-0.761
2012/11/06,-0.702
2012/11/07,-0.643
2012/11/08,-0.593
2012/11/09,-0.552
2012/11/10,-0.512
2012/11/11,-0.487
2012/11/12,-0.471
2012/11/13,-0.456
2012/11/14,-0.437
2012/11/15,-0.394
2012/11/16,-0.335
2012/11/17,-0.27
2012/11/18,-0.2
2012/11/19,-0.143
2012/11/20,-0.095
2012/11/21,-0.046
2012/11/22,-0.018
2012/11/23,0.038
2012/11/24,0.081
2012/11/25,0.138
2012/11/26,0.177
2012/11/27,0.933
2012/11/28,1.512
2012/11/29,1.815
2012/11/30,1.913
2012/12/01,1.882
2012/12/02,1.754
2012/12/03,1.604
2012/12/04,1.46
2012/12/05,1.311
2012/12/06,1.172
2012/12/07,1.021
2012/12/08,0.875
2012/12/09,0.731
2012/12/10,0.621
2012/12/11,0.542
2012/12/12,0.464
2012/12/13,0.475
2012/12/14,0.468
2012/12/15,0.426
2012/12/16,0.37
2012/12/17,0.312
2012/12/18,0.253
2012/12/19,0.193
2012/12/20,0.161
2012/12/21,0.137
2012/12/22,0.108
2012/12/23,0.093
2012/12/24,0.065
2012/12/25,0.039
2012/12/26,0.013
2012/12/27,0.002
2012/12/28,-0.014
2012/12/29,-0.035
2012/12/30,-0.061
2012/12/31,-0.078
2013/01/01,-0.092
2013/01/02,-0.104
2013/01/03,-0.09
2013/01/04,-0.088
2013/01/05,-0.095
2013/01/06,-0.033
2013/01/07,0.026
2013/01/08,0.069
2013/01/09,0.078
2013/01/10,0.708
2013/01/11,1.08
2013/01/12,1.26
2013/01/13,1.3
2013/01/14,1.245
2013/01/15,1.121
2013/01/16,0.967
2013/01/17,0.816
2013/01/18,0.673
2013/01/19,0.651
2013/01/20,0.606
2013/01/21,0.535
2013/01/22,0.469
2013/01/23,0.477
2013/01/24,0.53
2013/01/25,0.574
2013/01/26,0.633
2013/01/27,0.681
2013/01/28,0.714
2013/01/29,0.792
2013/01/30,0.859
2013/01/31,0.954
2013/02/01,1.049
2013/02/02,1.304
2013/02/03,1.459
2013/02/04,1.528
2013/02/05,1.527
2013/02/06,1.469
2013/02/07,1.398
2013/02/08,1.334
2013/02/09,1.275
2013/02/10,1.232
2013/02/11,1.22
2013/02/12,1.223
2013/02/13,1.279
2013/02/14,1.336
2013/02/15,1.472
2013/02/16,1.63
2013/02/17,1.768
2013/02/18,1.861
2013/02/19,1.911
2013/02/20,1.934
2013/02/21,1.97
2013/02/22,1.98
2013/02/23,1.954
2013/02/24,1.884
2013/02/25,1.858
2013/02/26,1.826
2013/02/27,1.793
2013/02/28,1.796
2013/03/01,1.871
2013/03/02,1.926
2013/03/03,1.918
2013/03/04,1.888
2013/03/05,1.887
2013/03/06,2.582
2013/03/07,3.002
2013/03/08,3.196
2013/03/09,3.28
2013/03/10,3.247
2013/03/11,3.146
2013/03/12,3.201
2013/03/13,3.15
2013/03/14,3.025
2013/03/15,2.901
2013/03/16,2.742
2013/03/17,2.555
2013/03/18,2.36
2013/03/19,2.291
2013/03/20,2.214
2013/03/21,2.212
2013/03/22,2.352
2013/03/23,2.488
2013/03/24,2.526
2013/03/25,2.565
2013/03/26,2.615
2013/03/27,2.796
2013/03/28,3.01
2013/03/29,3.204
2013/03/30,3.415
2013/03/31,3.594
2013/04/01,3.644
2013/04/02,3.733
2013/04/03,3.956
2013/04/04,4.254
2013/04/05,4.452
2013/04/06,4.475
2013/04/07,4.457
2013/04/08,4.404
2013/04/09,4.392
2013/04/10,4.515
2013/04/11,4.425
2013/04/12,4.149
2013/04/13,3.728
2013/04/14,3.287
2013/04/15,2.943
2013/04/16,2.494
2013/04/17,2.154
2013/04/18,1.825
2013/04/19,1.549
2013/04/20,1.344
2013/04/21,1.128
2013/04/22,0.981
2013/04/23,0.903
2013/04/24,0.893
2013/04/25,0.94
2013/04/26,0.923
2013/04/27,0.898
2013/04/28,0.834
2013/04/29,0.789
2013/04/30,0.79
2013/05/01,0.729
2013/05/02,0.663
2013/05/03,0.56
2013/05/04,0.449
2013/05/05,0.308
2013/05/06,0.222
2013/05/07,0.126
2013/05/08,0.078
2013/05/09,0.05
2013/05/10,0.031
2013/05/11,-0.005
2013/05/12,-0.045
2013/05/13,-0.06
2013/05/14,-0.091
2013/05/15,-0.119
2013/05/16,-0.059
2013/05/17,-0.016
2013/05/18,-0.029
2013/05/19,-0.018
2013/05/20,-0.017
2013/05/21,-0.025
2013/05/22,-0.009
2013/05/23,0.021
2013/05/24,0.051
2013/05/25,0.1
2013/05/26,0.119
2013/05/27,0.159
2013/05/28,0.216
2013/05/29,0.277
2013/05/30,0.304
2013/05/31,0.307
2013/06/01,0.274
2013/06/02,0.275
2013/06/03,0.31
2013/06/04,0.332
2013/06/05,0.376
2013/06/06,0.35
2013/06/07,0.269
2013/06/08,0.2
2013/06/09,0.097
2013/06/10,-0.035
2013/06/11,-0.132
2013/06/12,-0.205
2013/06/13,-0.256
2013/06/14,-0.35
2013/06/15,-0.426
2013/06/16,-0.53
2013/06/17,-0.63
2013/06/18,-0.711
2013/06/19,-0.779
2013/06/20,-0.703
2013/06/21,-0.633
2013/06/22,-0.494
2013/06/23,-0.413
2013/06/24,-0.372
2013/06/25,-0.392
2013/06/26,-0.419
2013/06/27,-0.501
2013/06/28,-0.555
2013/06/29,-0.659
2013/06/30,-0.731
2013/07/01,-0.853
2013/07/02,-0.949
2013/07/03,-1.047
2013/07/04,-1.172
2013/07/05,-1.278
2013/07/06,-1.379
2013/07/07,-1.512
2013/07/08,-1.612
2013/07/09,-1.681
2013/07/10,-1.752
2013/07/11,-1.778
2013/07/12,-1.802
2013/07/13,-1.754
2013/07/14,-1.711
2013/07/15,-1.682
2013/07/16,-1.578
2013/07/17,-1.447
2013/07/18,-1.286
2013/07/19,-1.203
2013/07/20,-1.146
2013/07/21,-1.104
2013/07/22,-1.037
2013/07/23,-1.024
2013/07/24,-0.962
2013/07/25,-0.878
2013/07/26,-0.853
2013/07/27,-0.768
2013/07/28,-0.717
2013/07/29,-0.656
2013/07/30,-0.528
2013/07/31,-0.319
2013/08/01,-0.147
2013/08/02,-0.073
2013/08/03,-0.063
2013/08/04,-0.043
2013/08/05,-0.08
2013/08/06,-0.073
2013/08/07,-0.112
2013/08/08,-0.08
2013/08/09,0.005
2013/08/10,0.015
2013/08/11,0.067
2013/08/12,0.03
2013/08/13,-0.042
2013/08/14,-0.031
2013/08/15,0.117
2013/08/16,0.197
2013/08/17,0.178
2013/08/18,0.2
2013/08/19,0.204
2013/08/20,0.153
2013/08/21,0.072
2013/08/22,-0.002
2013/08/23,-0.057
2013/08/24,-0.127
2013/08/25,-0.145
2013/08/26,-0.107
2013/08/27,-0.061
2013/08/28,1.38
2013/08/29,2.169
2013/08/30,2.581
2013/08/31,2.716
2013/09/01,2.622
2013/09/02,2.547
2013/09/03,2.352
2013/09/04,2.052
2013/09/05,1.704
2013/09/06,1.345
2013/09/07,0.969
2013/09/08,0.631
2013/09/09,0.323
2013/09/10,0.034
2013/09/11,-0.236
2013/09/12,-0.435
2013/09/13,-0.619
2013/09/14,-0.784
2013/09/15,-0.912
2013/09/16,-0.908
2013/09/17,0.516
2013/09/18,1.824
2013/09/19,2.842
2013/09/20,3.211
2013/09/21,3.171
2013/09/22,2.889
2013/09/23,2.503
2013/09/24,2.04
2013/09/25,1.577
2013/09/26,1.108
2013/09/27,1.027
2013/09/28,0.863
2013/09/29,0.657
2013/09/30,0.41
2013/10/01,0.188
2013/10/02,-0.036
2013/10/03,-0.264
2013/10/04,-0.51
2013/10/05,-0.727
2013/10/06,-0.938
2013/10/07,-1.066
2013/10/08,-1.232
2013/10/09,-1.348
2013/10/10,-1.44
2013/10/11,-1.542
2013/10/12,-1.578
2013/10/13,-1.576
2013/10/14,-1.549
2013/10/15,-1.454
2013/10/16,-1.224
2013/10/17,-0.959
2013/10/18,-0.722
2013/10/19,-0.491
2013/10/20,-0.301
2013/10/21,-0.115
2013/10/22,0.096
2013/10/23,0.43
2013/10/24,0.795
2013/10/25,1.162
2013/10/26,1.442
2013/10/27,1.933
2013/10/28,2.193
2013/10/29,2.335
2013/10/30,2.354
2013/10/31,2.243
2013/11/01,2.179
2013/11/02,2.063
2013/11/03,2.171
2013/11/04,2.425
2013/11/05,2.671
2013/11/06,3.83
2013/11/07,5.236
2013/11/08,6.501
2013/11/09,7.126
2013/11/10,7.109
2013/11/11,6.899
2013/11/12,6.257
2013/11/13,5.428
2013/11/14,4.556
2013/11/15,3.688
2013/11/16,2.883
2013/11/17,2.183
2013/11/18,1.622
2013/11/19,1.188
2013/11/20,0.8
2013/11/21,0.526
2013/11/22,0.317
2013/11/23,0.169
2013/11/24,0.054
2013/11/25,-0.041
2013/11/26,-0.068
2013/11/27,-0.003
2013/11/28,0.126
2013/11/29,0.284
2013/11/30,0.449
2013/12/01,0.561
2013/12/02,0.65
2013/12/03,0.72
2013/12/04,0.785
2013/12/05,0.839
2013/12/06,0.854
2013/12/07,1.005
2013/12/08,0.997
2013/12/09,0.942
2013/12/10,0.865
2013/12/11,0.77
2013/12/12,0.647
2013/12/13,0.518
2013/12/14,0.37
2013/12/15,0.202
2013/12/16,0.021
2013/12/17,-0.184
2013/12/18,-0.42
2013/12/19,-0.647
2013/12/20,-0.838
2013/12/21,-1.025
2013/12/22,-1.199
2013/12/23,-1.349
2013/12/24,-1.475
2013/12/25,-1.573
2013/12/26,-1.6
2013/12/27,-1.592
2013/12/28,-1.553
2013/12/29,-1.459
2013/12/30,-1.381
2013/12/31,-1.305
2014/01/01,-1.232
2014/01/02,-1.128
2014/01/03,-1.025
2014/01/04,-0.904
2014/01/05,-0.76
2014/01/06,-0.339
2014/01/07,0.001
2014/01/08,0.231
2014/01/09,0.362
2014/01/10,0.436
2014/01/11,0.47
2014/01/12,0.489
2014/01/13,0.471
2014/01/14,0.488
2014/01/15,0.524
2014/01/16,0.525
2014/01/17,0.509
2014/01/18,0.483
2014/01/19,0.445
2014/01/20,0.417
2014/01/21,0.36
2014/01/22,0.294
2014/01/23,0.26
2014/01/24,0.209
2014/01/25,0.142
2014/01/26,0.075
2014/01/27,0.001
2014/01/28,-0.084
2014/01/29,-0.157
2014/01/30,-0.227
2014/01/31,-0.268
2014/02/01,-0.314
2014/02/02,-0.363
2014/02/03,-0.411
2014/02/04,-0.462
2014/02/05,-0.508
2014/02/06,-0.546
2014/02/07,-0.592
2014/02/08,-0.673
2014/02/09,-0.776
2014/02/10,-0.887
2014/02/11,-0.997
2014/02/12,-1.057
2014/02/13,-1.134
2014/02/14,-1.211
2014/02/15,-1.29
2014/02/16,-1.359
2014/02/17,-1.257
2014/02/18,-1.195
2014/02/19,-1.161
2014/02/20,-1.151
2014/02/21,-1.17
2014/02/22,-1.196
2014/02/23,-1.219
2014/02/24,-1.246
2014/02/25,-1.283
2014/02/26,-1.314
2014/02/27,-1.336
2014/02/28,-1.325
2014/03/01,-1.324
2014/03/02,-1.332
2014/03/03,-1.311
2014/03/04,-1.252
2014/03/05,-1.178
2014/03/06,-1.086
2014/03/07,-1.006
2014/03/08,-0.955
2014/03/09,-0.903
2014/03/10,-0.816
2014/03/11,-0.739
2014/03/12,-0.65
2014/03/13,-0.572
2014/03/14,-0.514
2014/03/15,-0.486
2014/03/16,-0.446
2014/03/17,-0.415
2014/03/18,-0.413
2014/03/19,-0.426
2014/03/20,-0.443
2014/03/21,-0.457
2014/03/22,-0.409
2014/03/23,-0.395
2014/03/24,-0.414
2014/03/25,-0.426
2014/03/26,-0.412
2014/03/27,-0.426
2014/03/28,-0.478
2014/03/29,-0.554
2014/03/30,-0.644
2014/03/31,-0.741
2014/04/01,-0.833
2014/04/02,-0.913
2014/04/03,-0.991
2014/04/04,-1.054
2014/04/05,-1.105
2014/04/06,-1.133
2014/04/07,-1.138
2014/04/08,-1.124
2014/04/09,-1.01
2014/04/10,-0.942
2014/04/11,-0.908
2014/04/12,-0.907
2014/04/13,-0.919
2014/04/14,-0.909
2014/04/15,-0.853
2014/04/16,-0.773
2014/04/17,-0.659
2014/04/18,-0.555
2014/04/19,-0.434
2014/04/20,-0.316
2014/04/21,-0.215
2014/04/22,-0.154
2014/04/23,-0.123
2014/04/24,-0.103
2014/04/25,-0.121
2014/04/26,-0.179
2014/04/27,-0.212
2014/04/28,-0.26
2014/04/29,-0.316
2014/04/30,-0.365
2014/05/01,-0.423
2014/05/02,-0.469
2014/05/03,-0.518
2014/05/04,-0.565
2014/05/05,-0.601
2014/05/06,-0.635
2014/05/07,-0.66
2014/05/08,-0.672
2014/05/09,-0.63
2014/05/10,-0.612
2014/05/11,-0.605
2014/05/12,-0.605
2014/05/13,-0.617
2014/05/14,-0.641
2014/05/15,-0.67
2014/05/16,-0.692
2014/05/17,-0.712
2014/05/18,-0.727
2014/05/19,-0.733
2014/05/20,-0.71
2014/05/21,-0.657
2014/05/22,-0.591
2014/05/23,-0.508
2014/05/24,-0.368
2014/05/25,-0.228
2014/05/26,-0.066
2014/05/27,0.082
2014/05/28,0.237
2014/05/29,0.369
2014/05/30,0.484
2014/05/31,0.605
2014/06/01,0.75
2014/06/02,0.874
2014/06/03,1.007
2014/06/04,1.111
2014/06/05,1.191
2014/06/06,1.23
2014/06/07,1.233
2014/06/08,1.231
2014/06/09,1.222
2014/06/10,1.206
2014/06/11,1.171
2014/06/12,1.145
2014/06/13,1.081
2014/06/14,0.973
2014/06/15,0.847
2014/06/16,0.725
2014/06/17,0.604
2014/06/18,0.535
2014/06/19,0.479
2014/06/20,0.428
2014/06/21,0.37
2014/06/22,0.316
2014/06/23,0.271
2014/06/24,0.21
2014/06/25,0.162
2014/06/26,0.091
2014/06/27,0.02
2014/06/28,-0.043
2014/06/29,-0.088
2014/06/30,-0.122
2014/07/01,-0.107
2014/07/02,-0.06
2014/07/03,-0.017
2014/07/04,0.011
2014/07/05,0.021
2014/07/06,0.034
2014/07/07,0.042
2014/07/08,0.045
2014/07/09,0.04
2014/07/10,0.031
2014/07/11,0.036
2014/07/12,0.026
2014/07/13,0.028
2014/07/14,0.045
2014/07/15,0.051
2014/07/16,0.074
2014/07/17,0.088
2014/07/18,0.107
2014/07/19,0.115
2014/07/20,0.11
2014/07/21,0.087
2014/07/22,0.065
2014/07/23,0.031
2014/07/24,-0.017
2014/07/25,-0.067
2014/07/26,-0.134
2014/07/27,-0.186
2014/07/28,-0.245
2014/07/29,-0.294
2014/07/30,-0.34
2014/07/31,-0.388
2014/08/01,-0.433
2014/08/02,-0.479
2014/08/03,-0.516
2014/08/04,-0.54
2014/08/05,-0.551
2014/08/06,-0.554
2014/08/07,-0.559
2014/08/08,-0.553
2014/08/09,-0.553
2014/08/10,-0.534
2014/08/11,-0.513
2014/08/12,-0.497
2014/08/13,-0.488
2014/08/14,-0.508
2014/08/15,-0.537
2014/08/16,-0.539
2014/08/17,-0.003
2014/08/18,0.295
2014/08/19,0.431
2014/08/20,0.449
2014/08/21,0.394
2014/08/22,0.296
2014/08/23,0.158
2014/08/24,0.013
2014/08/25,-0.041
2014/08/26,-0.122
2014/08/27,-0.219
2014/08/28,-0.327
2014/08/29,-0.438
2014/08/30,-0.549
2014/08/31,-0.654
2014/09/01,-0.752
2014/09/02,-0.833
2014/09/03,-0.906
2014/09/04,-0.963
2014/09/05,-0.999
2014/09/06,-1.031
2014/09/07,-0.842
2014/09/08,-0.72
2014/09/09,-0.635
2014/09/10,-0.566
2014/09/11,-0.54
2014/09/12,-0.541
2014/09/13,-0.558
2014/09/14,-0.57
2014/09/15,-0.591
2014/09/16,-0.608
2014/09/17,-0.64
2014/09/18,-0.678
2014/09/19,-0.74
2014/09/20,-0.8
2014/09/21,-0.867
2014/09/22,-0.929
2014/09/23,-0.975
2014/09/24,-0.997
2014/09/25,-1.004
2014/09/26,-0.422
2014/09/27,-0.059
2014/09/28,0.142
2014/09/29,0.201
2014/09/30,0.164
2014/10/01,0.078
2014/10/02,-0.047
2014/10/03,-0.191
2014/10/04,-0.323
2014/10/05,-0.467
2014/10/06,-0.625
2014/10/07,-0.773
2014/10/08,-0.911
2014/10/09,-1.015
2014/10/10,-1.099
2014/10/11,-1.166
2014/10/12,-1.2
2014/10/13,-1.206
2014/10/14,-1.183
2014/10/15,-1.143
2014/10/16,-1.099
2014/10/17,-1.05
2014/10/18,-1.006
2014/10/19,-0.95
2014/10/20,-0.903
2014/10/21,-0.856
2014/10/22,-0.813
2014/10/23,-0.781
2014/10/24,-0.762
2014/10/25,-0.762
2014/10/26,-0.764
2014/10/27,-0.763
2014/10/28,-0.77
2014/10/29,-0.784
2014/10/30,-0.808
2014/10/31,-0.833
2014/11/01,-0.826
2014/11/02,-0.82
2014/11/03,-0.786
2014/11/04,-0.771
2014/11/05,-0.767
2014/11/06,-0.763
2014/11/07,-0.745
2014/11/08,-0.734
2014/11/09,-0.64
2014/11/10,-0.563
2014/11/11,-0.492
2014/11/12,-0.406
2014/11/13,-0.297
2014/11/14,-0.201
2014/11/15,-0.124
2014/11/16,-0.064
2014/11/17,0.019
2014/11/18,0.068
2014/11/19,0.098
2014/11/20,0.099
2014/11/21,0.079
2014/11/22,0.04
2014/11/23,0.001
2014/11/24,-0.028
2014/11/25,-0.062
2014/11/26,-0.101
2014/11/27,-0.144
2014/11/28,-0.197
2014/11/29,-0.241
2014/11/30,-0.262
2014/12/01,-0.278
2014/12/02,-0.286
2014/12/03,-0.3
2014/12/04,-0.297
2014/12/05,-0.306
2014/12/06,-0.319
2014/12/07,-0.319
2014/12/08,-0.272
2014/12/09,-0.256
2014/12/10,-0.263
2014/12/11,-0.279
2014/12/12,-0.301
2014/12/13,-0.337
2014/12/14,-0.355
2014/12/15,-0.364
2014/12/16,-0.375
2014/12/17,-0.385
2014/12/18,-0.415
2014/12/19,-0.44
2014/12/20,-0.474
2014/12/21,-0.506
2014/12/22,-0.53
2014/12/23,-0.547
2014/12/24,-0.571
2014/12/25,-0.6
2014/12/26,-0.458
2014/12/27,-0.255
2014/12/28,-0.113
2014/12/29,-0.003
2014/12/30,0.064
2014/12/31,0.077
2015/01/01,0.04
2015/01/02,-0.009
2015/01/03,-0.079
2015/01/04,-0.04
2015/01/05,-0.04
2015/01/06,-0.091
2015/01/07,-0.171
2015/01/08,-0.252
2015/01/09,-0.336
2015/01/10,-0.425
2015/01/11,-0.512
2015/01/12,-0.366
2015/01/13,-0.321
2015/01/14,-0.378
2015/01/15,-0.497
2015/01/16,-0.649
2015/01/17,-0.816
2015/01/18,-0.963
2015/01/19,-1.104
2015/01/20,-1.237
2015/01/21,-1.361
2015/01/22,-1.455
2015/01/23,-1.517
2015/01/24,-1.56
2015/01/25,-1.557
2015/01/26,-1.501
2015/01/27,-1.434
2015/01/28,-1.373
2015/01/29,-1.333
2015/01/30,-1.302
2015/01/31,-1.27
2015/02/01,-1.249
2015/02/02,-1.223
2015/02/03,-1.187
2015/02/04,-1.158
2015/02/05,-1.134
2015/02/06,-1.119
2015/02/07,-1.102
2015/02/08,-1.077
2015/02/09,-1.048
2015/02/10,-1.022
2015/02/11,-0.983
2015/02/12,-0.943
2015/02/13,-0.874
2015/02/14,-0.775
2015/02/15,-0.637
2015/02/16,-0.519
2015/02/17,-0.401
2015/02/18,-0.31
2015/02/19,-0.237
2015/02/20,-0.16
2015/02/21,-0.091
2015/02/22,-0.036
2015/02/23,-0.003
2015/02/24,0.007
2015/02/25,0.012
2015/02/26,0.005
2015/02/27,0.009
2015/02/28,0.036
2015/03/01,0.087
2015/03/02,0.145
2015/03/03,0.205
2015/03/04,0.279
2015/03/05,0.348
2015/03/06,0.471
2015/03/07,0.554
2015/03/08,0.623
2015/03/09,0.681
2015/03/10,0.731
2015/03/11,0.784
2015/03/12,0.819
2015/03/13,0.833
2015/03/14,0.815
2015/03/15,0.781
2015/03/16,0.748
2015/03/17,0.71
2015/03/18,0.674
2015/03/19,0.627
2015/03/20,0.58
2015/03/21,0.51
2015/03/22,0.436
2015/03/23,0.399
2015/03/24,0.347
2015/03/25,0.299
2015/03/26,0.232
2015/03/27,0.149
2015/03/28,0.068
2015/03/29,-0.017
2015/03/30,-0.095
2015/03/31,-0.17
2015/04/01,-0.241
2015/04/02,-0.304
2015/04/03,-0.349
2015/04/04,-0.363
2015/04/05,-0.35
2015/04/06,-0.326
2015/04/07,-0.308
2015/04/08,-0.295
2015/04/09,-0.267
2015/04/10,-0.11
2015/04/11,0.005
2015/04/12,0.08
2015/04/13,0.102
2015/04/14,0.073
2015/04/15,0.009
2015/04/16,-0.071
2015/04/17,-0.16
2015/04/18,-0.259
2015/04/19,-0.351
2015/04/20,-0.428
2015/04/21,-0.502
2015/04/22,-0.554
2015/04/23,-0.586
2015/04/24,-0.606
2015/04/25,0.648
2015/04/26,1.389
2015/04/27,1.737
2015/04/28,1.82
2015/04/29,1.732
2015/04/30,1.551
2015/05/01,1.309
2015/05/02,1.052
2015/05/03,0.798
2015/05/04,0.557
2015/05/05,0.327
2015/05/06,0.112
2015/05/07,-0.082
2015/05/08,-0.236
2015/05/09,-0.37
2015/05/10,-0.44
2015/05/11,-0.488
2015/05/12,-0.533
2015/05/13,-0.577
2015/05/14,-0.627
2015/05/15,-0.669
2015/05/16,-0.703
2015/05/17,-0.72
2015/05/18,-0.724
2015/05/19,-0.727
2015/05/20,-0.734
2015/05/21,-0.732
2015/05/22,-0.717
2015/05/23,-0.693
2015/05/24,-0.667
2015/05/25,-0.638
2015/05/26,-0.578
2015/05/27,-0.526
2015/05/28,-0.484
2015/05/29,-0.452
2015/05/30,-0.447
2015/05/31,-0.062
2015/06/01,0.203
2015/06/02,0.337
2015/06/03,0.374
2015/06/04,0.347
2015/06/05,0.282
2015/06/06,0.208
2015/06/07,0.134
2015/06/08,0.072
2015/06/09,0.002
2015/06/10,-0.059
2015/06/11,-0.123
2015/06/12,-0.184
2015/06/13,-0.219
2015/06/14,-0.238
2015/06/15,-0.246
2015/06/16,-0.22
2015/06/17,-0.147
2015/06/18,0.019
2015/06/19,0.235
2015/06/20,0.36
2015/06/21,0.412
2015/06/22,0.553
2015/06/23,0.608
2015/06/24,0.597
2015/06/25,0.549
2015/06/26,0.489
2015/06/27,0.428
2015/06/28,0.37
2015/06/29,0.309
2015/06/30,0.326
2015/07/01,0.317
2015/07/02,0.325
2015/07/03,0.35
2015/07/04,0.376
2015/07/05,0.426
2015/07/06,0.532
2015/07/07,0.697
2015/07/08,0.928
2015/07/09,1.122
2015/07/10,1.264
2015/07/11,1.395
2015/07/12,1.531
2015/07/13,1.626
2015/07/14,1.738
2015/07/15,1.828
2015/07/16,1.904
2015/07/17,1.905
2015/07/18,2.034
2015/07/19,1.986
2015/07/20,2.042
2015/07/21,1.982
2015/07/22,1.87
2015/07/23,1.772
2015/07/24,1.649
2015/07/25,1.506
2015/07/26,1.39
2015/07/27,1.35
2015/07/28,1.312
2015/07/29,1.315
2015/07/30,1.34
2015/07/31,1.347
2015/08/01,1.294
2015/08/02,1.181
2015/08/03,1.064
2015/08/04,0.991
2015/08/05,0.934
2015/08/06,0.906
2015/08/07,0.843
2015/08/08,0.749
2015/08/09,0.62
2015/08/10,0.51
2015/08/11,0.4
2015/08/12,0.286
2015/08/13,0.165
2015/08/14,0.052
2015/08/15,-0.05
2015/08/16,-0.151
2015/08/17,-0.253
2015/08/18,-0.346
2015/08/19,-0.455
2015/08/20,-0.555
2015/08/21,-0.654
2015/08/22,-0.744
2015/08/23,-0.816
2015/08/24,-0.889
2015/08/25,-0.963
2015/08/26,-1.027
2015/08/27,-1.084
2015/08/28,-1.127
2015/08/29,-1.159
2015/08/30,-1.18
2015/08/31,-1.174
2015/09/01,-1.171
2015/09/02,-1.009
2015/09/03,-0.88
2015/09/04,-0.754
2015/09/05,-0.648
2015/09/06,-0.57
2015/09/07,-0.479
2015/09/08,-0.415
2015/09/09,-0.363
2015/09/10,-0.313
2015/09/11,-0.278
2015/09/12,-0.254
2015/09/13,-0.283
2015/09/14,-0.333
2015/09/15,-0.404
2015/09/16,-0.507
2015/09/17,-0.68
2015/09/18,-0.832
2015/09/19,-0.931
2015/09/20,-0.982
2015/09/21,-0.975
2015/09/22,-0.943
2015/09/23,-0.901
2015/09/24,-0.851
2015/09/25,-0.774
2015/09/26,-0.675
2015/09/27,-0.582
2015/09/28,-0.507
2015/09/29,-0.439
2015/09/30,-0.383
2015/10/01,-0.309
2015/10/02,-0.26
2015/10/03,-0.234
2015/10/04,-0.215
2015/10/05,-0.204
2015/10/06,-0.203
2015/10/07,-0.198
2015/10/08,-0.184
2015/10/09,-0.151
2015/10/10,-0.114
2015/10/11,-0.087
2015/10/12,-0.063
2015/10/13,-0.045
2015/10/14,-0.021
2015/10/15,0.001
2015/10/16,0.043
2015/10/17,0.107
2015/10/18,0.168
2015/10/19,0.228
2015/10/20,0.315
2015/10/21,0.377
2015/10/22,0.437
2015/10/23,0.497
2015/10/24,0.545
2015/10/25,0.585
2015/10/26,0.668
2015/10/27,0.724
2015/10/28,0.763
2015/10/29,0.831
2015/10/30,0.897
2015/10/31,0.939
2015/11/01,0.949
2015/11/02,0.975
2015/11/03,1.034
2015/11/04,1.237
2015/11/05,1.403
2015/11/06,1.52
2015/11/07,1.564
2015/11/08,1.565
2015/11/09,1.543
2015/11/10,1.488
2015/11/11,1.369
2015/11/12,1.206
2015/11/13,1.027
2015/11/14,0.842
2015/11/15,0.654
2015/11/16,0.488
2015/11/17,0.342
2015/11/18,0.21
2015/11/19,0.094
2015/11/20,-0.017
2015/11/21,-0.124
2015/11/22,-0.197
2015/11/23,-0.249
2015/11/24,-0.299
2015/11/25,-0.334
2015/11/26,-0.347
2015/11/27,-0.341
2015/11/28,-0.332
2015/11/29,-0.301
2015/11/30,-0.22
2015/12/01,-0.134
2015/12/02,-0.055
2015/12/03,0.025
2015/12/04,0.078
2015/12/05,0.124
2015/12/06,0.178
2015/12/07,0.237
2015/12/08,0.293
2015/12/09,0.36
2015/12/10,0.427
2015/12/11,0.565
2015/12/12,0.695
2015/12/13,0.805
2015/12/14,0.896
2015/12/15,0.984
2015/12/16,1.047
2015/12/17,1.094
2015/12/18,1.132
2015/12/19,1.141
2015/12/20,1.136
2015/12/21,1.119
2015/12/22,1.088
2015/12/23,1.055
2015/12/24,1.016
2015/12/25,0.959
2015/12/26,0.893
2015/12/27,0.807
2015/12/28,0.731
2015/12/29,0.649
2015/12/30,0.576
2015/12/31,0.493
2016/01/01,0.405
2016/01/02,0.389
2016/01/03,0.358
2016/01/04,0.322
2016/01/05,0.292
2016/01/06,0.266
2016/01/07,0.28
2016/01/08,0.299
2016/01/09,0.302
2016/01/10,0.297
2016/01/11,0.309
2016/01/12,0.315
2016/01/13,0.314
2016/01/14,0.295
2016/01/15,0.279
2016/01/16,0.228
2016/01/17,0.161
2016/01/18,0.093
2016/01/19,0.061
2016/01/20,0.072
2016/01/21,0.13
2016/01/22,0.183
2016/01/23,0.215
2016/01/24,0.233
2016/01/25,0.25
2016/01/26,0.258
2016/01/27,0.272
2016/01/28,0.279
2016/01/29,0.273
2016/01/30,0.249
2016/01/31,0.21
2016/02/01,0.222
2016/02/02,0.256
2016/02/03,0.292
2016/02/04,0.28
2016/02/05,0.243
2016/02/06,0.173
2016/02/07,0.089
2016/02/08,0.005
2016/02/09,-0.086
2016/02/10,-0.161
2016/02/11,-0.21
2016/02/12,-0.248
2016/02/13,-0.277
2016/02/14,-0.291
2016/02/15,-0.29
2016/02/16,-0.273
2016/02/17,-0.242
2016/02/18,-0.186
2016/02/19,-0.107
2016/02/20,-0.034
2016/02/21,0.039
2016/02/22,0.106
2016/02/23,0.164
2016/02/24,0.22
2016/02/25,0.281
2016/02/26,0.337
2016/02/27,0.388
2016/02/28,0.41
2016/02/29,0.44
2016/03/01,0.482
2016/03/02,0.684
2016/03/03,0.857
2016/03/04,0.991
2016/03/05,1.097
2016/03/06,1.15
2016/03/07,1.164
2016/03/08,1.134
2016/03/09,1.147
2016/03/10,1.105
2016/03/11,1.022
2016/03/12,0.907
2016/03/13,0.813
2016/03/14,0.709
2016/03/15,0.6
2016/03/16,0.508
2016/03/17,0.427
2016/03/18,0.339
2016/03/19,0.23
2016/03/20,0.111
2016/03/21,0.008
2016/03/22,-0.075
2016/03/23,-0.144
2016/03/24,-0.202
2016/03/25,-0.265
2016/03/26,-0.29
2016/03/27,-0.314
2016/03/28,-0.293
2016/03/29,-0.185
2016/03/30,-0.097
2016/03/31,-0.032
2016/04/01,0.047
2016/04/02,0.154
2016/04/03,0.245
2016/04/04,0.289
2016/04/05,0.307
2016/04/06,0.357
2016/04/07,0.356
2016/04/08,0.319
2016/04/09,0.241
2016/04/10,0.131
2016/04/11,0.05
2016/04/12,-0.015
2016/04/13,-0.072
2016/04/14,-0.131
2016/04/15,-0.172
2016/04/16,-0.221
2016/04/17,-0.285
2016/04/18,-0.314
2016/04/19,-0.344
2016/04/20,-0.359
2016/04/21,-0.358
2016/04/22,-0.342
2016/04/23,-0.344
2016/04/24,-0.351
2016/04/25,-0.336
2016/04/26,1.098
2016/04/27,1.952
2016/04/28,2.364
2016/04/29,2.461
2016/04/30,2.353
2016/05/01,2.113
2016/05/02,1.823
2016/05/03,1.504
2016/05/04,1.193
2016/05/05,0.891
2016/05/06,0.608
2016/05/07,0.348
2016/05/08,0.11
2016/05/09,-0.106
2016/05/10,-0.284
2016/05/11,-0.429
2016/05/12,-0.538
2016/05/13,-0.615
2016/05/14,-0.643
2016/05/15,-0.635
2016/05/16,-0.577
2016/05/17,-0.496
2016/05/18,-0.399
2016/05/19,-0.294
2016/05/20,-0.197
2016/05/21,-0.059
2016/05/22,0.037
2016/05/23,0.11
2016/05/24,0.163
2016/05/25,0.202
2016/05/26,0.242
2016/05/27,0.375
2016/05/28,0.512
2016/05/29,0.657
2016/05/30,0.808
2016/05/31,0.917
2016/06/01,0.985
2016/06/02,1.038
2016/06/03,1.06
2016/06/04,1.072
2016/06/05,1.072
2016/06/06,1.067
2016/06/07,1.046
2016/06/08,1.001
2016/06/09,0.948
2016/06/10,0.897
2016/06/11,0.833
2016/06/12,0.829
2016/06/13,0.891
2016/06/14,1.023
2016/06/15,1.241
2016/06/16,1.507
2016/06/17,1.792
2016/06/18,2.049
2016/06/19,2.252
2016/06/20,2.422
2016/06/21,2.515
2016/06/22,2.56
2016/06/23,2.507
2016/06/24,2.424
2016/06/25,2.31
2016/06/26,2.169
2016/06/27,1.998
2016/06/28,1.809
2016/06/29,1.609
2016/06/30,1.411
2016/07/01,1.242
2016/07/02,1.085
2016/07/03,0.93
2016/07/04,0.781
2016/07/05,0.644
2016/07/06,0.519
2016/07/07,0.4
2016/07/08,0.299
2016/07/09,0.201
2016/07/10,0.093
2016/07/11,0.005
2016/07/12,-0.088
2016/07/13,-0.168
2016/07/14,-0.221
2016/07/15,-0.259
2016/07/16,-0.264
2016/07/17,-0.244
2016/07/18,-0.217
2016/07/19,-0.177
2016/07/20,-0.127
2016/07/21,-0.079
2016/07/22,-0.02
2016/07/23,0.051
2016/07/24,0.102
2016/07/25,0.148
2016/07/26,0.194
2016/07/27,0.254
2016/07/28,0.31
2016/07/29,0.365
2016/07/30,0.431
2016/07/31,0.531
2016/08/01,0.596
2016/08/02,0.622
2016/08/03,0.594
2016/08/04,0.53
2016/08/05,0.465
2016/08/06,0.387
2016/08/07,0.341
2016/08/08,0.331
2016/08/09,0.309
2016/08/10,0.271
2016/08/11,0.229
2016/08/12,0.176
2016/08/13,0.111
2016/08/14,0.047
2016/08/15,0.006
2016/08/16,-0.026
2016/08/17,-0.06
2016/08/18,-0.088
2016/08/19,-0.104
2016/08/20,-0.134
2016/08/21,-0.184
2016/08/22,-0.235
2016/08/23,-0.287
2016/08/24,-0.342
2016/08/25,-0.399
2016/08/26,-0.452
2016/08/27,-0.49
2016/08/28,-0.523
2016/08/29,-0.546
2016/08/30,-0.572
2016/08/31,-0.592
2016/09/01,-0.613
2016/09/02,-0.644
2016/09/03,-0.653
2016/09/04,-0.661
2016/09/05,-0.646
2016/09/06,-0.629
2016/09/07,-0.614
2016/09/08,-0.588
2016/09/09,-0.534
2016/09/10,-0.481
2016/09/11,-0.433
2016/09/12,-0.391
2016/09/13,-0.338
2016/09/14,-0.293
2016/09/15,-0.266
2016/09/16,-0.211
2016/09/17,-0.171
2016/09/18,-0.135
2016/09/19,-0.084
2016/09/20,-0.041
2016/09/21,-0.017
2016/09/22,-0.006
2016/09/23,-0.005
2016/09/24,0.002
2016/09/25,-0.012
2016/09/26,-0.032
2016/09/27,-0.053
2016/09/28,-0.064
2016/09/29,-0.061
2016/09/30,-0.057
2016/10/01,-0.048
2016/10/02,-0.035
2016/10/03,-0.007
2016/10/04,0.008
2016/10/05,0.02
2016/10/06,0.037
2016/10/07,0.047
2016/10/08,0.052
2016/10/09,0.059
2016/10/10,0.092
2016/10/11,0.148
2016/10/12,0.206
2016/10/13,0.261
2016/10/14,0.303
2016/10/15,0.347
2016/10/16,0.383
2016/10/17,0.424
2016/10/18,0.466
2016/10/19,0.509
2016/10/20,0.561
2016/10/21,0.579
2016/10/22,0.594
2016/10/23,0.65
2016/10/24,0.731
2016/10/25,0.876
2016/10/26,1.176
2016/10/27,1.372
2016/10/28,1.477
2016/10/29,1.514
2016/10/30,1.487
2016/10/31,1.428
2016/11/01,1.36
2016/11/02,1.268
2016/11/03,1.158
2016/11/04,1.071
2016/11/05,0.978
2016/11/06,0.888
2016/11/07,0.817
2016/11/08,0.734
2016/11/09,0.66
2016/11/10,0.586
2016/11/11,0.498
2016/11/12,0.406
2016/11/13,0.309
2016/11/14,0.221
2016/11/15,0.142
2016/11/16,0.064
2016/11/17,0.034
2016/11/18,0.022
2016/11/19,0.013
2016/11/20,0.011
2016/11/21,0.04
2016/11/22,0.108
2016/11/23,0.229
2016/11/24,0.392
2016/11/25,0.589
2016/11/26,0.74
2016/11/27,0.83
2016/11/28,0.893
2016/11/29,0.92
2016/11/30,0.914
2016/12/01,0.958
2016/12/02,1
2016/12/03,1.01
2016/12/04,1.017
2016/12/05,1.018
2016/12/06,1.007
2016/12/07,0.967
2016/12/08,0.907
2016/12/09,0.849
2016/12/10,0.785
2016/12/11,0.709
2016/12/12,0.638
2016/12/13,0.565
2016/12/14,0.49
2016/12/15,0.434
2016/12/16,0.388
2016/12/17,0.347
2016/12/18,0.312
2016/12/19,0.3
2016/12/20,0.285
2016/12/21,0.282
2016/12/22,0.287
2016/12/23,0.303
2016/12/24,0.339
2016/12/25,0.352
2016/12/26,0.391
2016/12/27,0.429
2016/12/28,0.481
2016/12/29,0.55
2016/12/30,0.619
2016/12/31,0.666
2017/01/01,0.726
2017/01/02,0.824
2017/01/03,0.942
2017/01/04,1.261
2017/01/05,1.503
2017/01/06,1.616
2017/01/07,1.624
2017/01/08,1.556
2017/01/09,1.456
2017/01/10,1.334
2017/01/11,1.186
2017/01/12,1.003
2017/01/13,0.81
2017/01/14,0.627
2017/01/15,0.448
2017/01/16,0.307
2017/01/17,0.199
2017/01/18,0.115
2017/01/19,0.057
2017/01/20,0.006
2017/01/21,-0.028
2017/01/22,-0.041
2017/01/23,0.022
2017/01/24,0.16
2017/01/25,0.291
2017/01/26,0.379
2017/01/27,0.464
2017/01/28,0.582
2017/01/29,0.713
2017/01/30,0.875
2017/01/31,1.005
2017/02/01,1.094
2017/02/02,1.226
2017/02/03,1.349
2017/02/04,1.446
2017/02/05,1.504
2017/02/06,1.665
2017/02/07,1.785
2017/02/08,1.859
2017/02/09,1.88
2017/02/10,1.826
2017/02/11,1.72
2017/02/12,1.575
2017/02/13,1.434
2017/02/14,1.286
2017/02/15,1.144
2017/02/16,1.095
2017/02/17,1.065
2017/02/18,1.056
2017/02/19,1.046
2017/02/20,1.063
2017/02/21,1.12
2017/02/22,1.232
2017/02/23,1.378
2017/02/24,1.55
2017/02/25,1.675
2017/02/26,1.768
2017/02/27,1.882
2017/02/28,2.003
2017/03/01,2.133
2017/03/02,2.285
2017/03/03,2.444
2017/03/04,2.619
2017/03/05,2.748
2017/03/06,2.862
2017/03/07,2.938
2017/03/08,2.939
2017/03/09,2.876
2017/03/10,2.802
2017/03/11,2.68
2017/03/12,2.573
2017/03/13,2.459
2017/03/14,2.351
2017/03/15,2.241
2017/03/16,2.121
2017/03/17,1.984
2017/03/18,1.812
2017/03/19,1.607
2017/03/20,1.42
2017/03/21,1.261
2017/03/22,1.11
2017/03/23,0.961
2017/03/24,0.801
2017/03/25,0.615
2017/03/26,0.414
2017/03/27,0.256
2017/03/28,0.13
2017/03/29,0.016
2017/03/30,-0.098
2017/03/31,-0.164
2017/04/01,-0.217
2017/04/02,-0.258
2017/04/03,-0.273
2017/04/04,-0.261
2017/04/05,-0.246
2017/04/06,-0.217
2017/04/07,-0.175
2017/04/08,-0.127
2017/04/09,-0.093
2017/04/10,-0.062
2017/04/11,-0.028
2017/04/12,0.016
2017/04/13,0.12
2017/04/14,0.211
2017/04/15,0.267
2017/04/16,0.299
2017/04/17,0.309
2017/04/18,0.305
2017/04/19,0.276
2017/04/20,0.292
2017/04/21,0.304
2017/04/22,0.287
2017/04/23,0.259
2017/04/24,0.278
2017/04/25,0.323
2017/04/26,0.362
2017/04/27,0.435
2017/04/28,0.512
2017/04/29,0.563
2017/04/30,0.579
2017/05/01,0.604
2017/05/02,0.658
2017/05/03,0.739
2017/05/04,0.852
2017/05/05,1.024
2017/05/06,1.158
2017/05/07,1.28
2017/05/08,1.393
2017/05/09,1.528
2017/05/10,1.693
2017/05/11,1.867
2017/05/12,2.048
2017/05/13,2.16
2017/05/14,2.188
2017/05/15,2.217
2017/05/16,2.405
2017/05/17,2.713
2017/05/18,3.007
2017/05/19,3.292
2017/05/20,3.443
2017/05/21,3.494
2017/05/22,3.55
2017/05/23,3.612
2017/05/24,3.742
2017/05/25,3.935
2017/05/26,4.082
2017/05/27,4.16
2017/05/28,4.127
2017/05/29,4.075
2017/05/30,4.054
2017/05/31,4.051
2017/06/01,4.073
2017/06/02,4.08
2017/06/03,4.091
2017/06/04,4.053
2017/06/05,3.98
2017/06/06,3.935
2017/06/07,3.952
2017/06/08,3.882
2017/06/09,3.766
2017/06/10,3.603
2017/06/11,3.431
2017/06/12,3.225
2017/06/13,3.018
2017/06/14,2.793
2017/06/15,2.517
2017/06/16,2.211
2017/06/17,1.897
2017/06/18,1.594
2017/06/19,1.329
2017/06/20,1.107
2017/06/21,0.963
2017/06/22,0.871
2017/06/23,0.755
2017/06/24,0.633
2017/06/25,0.517
2017/06/26,0.401
2017/06/27,0.281
2017/06/28,0.169
2017/06/29,0.084
2017/06/30,-0.004
2017/07/01,-0.125
2017/07/02,-0.282
2017/07/03,-0.434
2017/07/04,-0.565
2017/07/05,-0.709
2017/07/06,-0.833
2017/07/07,-0.954
2017/07/08,-1.088
2017/07/09,-1.227
2017/07/10,-1.371
2017/07/11,-1.522
2017/07/12,-1.657
2017/07/13,-1.775
2017/07/14,-1.865
2017/07/15,-1.829
2017/07/16,-1.847
2017/07/17,-1.885
2017/07/18,-1.919
2017/07/19,-1.956
2017/07/20,-1.941
2017/07/21,-1.883
2017/07/22,-1.825
2017/07/23,-1.784
2017/07/24,-1.754
2017/07/25,-1.738
2017/07/26,-1.733
2017/07/27,-1.722
2017/07/28,-1.686
2017/07/29,-1.638
2017/07/30,-1.581
2017/07/31,-1.486
2017/08/01,-1.437
2017/08/02,-1.41
2017/08/03,-1.405
2017/08/04,-1.439
2017/08/05,-1.481
2017/08/06,-1.533
2017/08/07,-1.566
2017/08/08,-1.545
2017/08/09,-1.475
2017/08/10,-1.317
2017/08/11,-1.061
2017/08/12,-0.73
2017/08/13,-0.379
2017/08/14,0.103
2017/08/15,0.717
2017/08/16,1.439
2017/08/17,2.093
2017/08/18,2.649
2017/08/19,3.034
2017/08/20,3.275
2017/08/21,3.5
2017/08/22,3.84
2017/08/23,4.238
2017/08/24,4.683
2017/08/25,5.17
2017/08/26,5.535
2017/08/27,5.595
2017/08/28,5.555
2017/08/29,5.438
2017/08/30,5.21
2017/08/31,4.938
2017/09/01,4.618
2017/09/02,4.237
2017/09/03,3.827
2017/09/04,3.401
2017/09/05,2.935
2017/09/06,2.475
2017/09/07,2.045
2017/09/08,1.6
2017/09/09,1.136
2017/09/10,0.693
2017/09/11,0.263
2017/09/12,-0.151
2017/09/13,-0.559
2017/09/14,-0.942
2017/09/15,-1.296
2017/09/16,-1.622
2017/09/17,-1.922
2017/09/18,-2.134
2017/09/19,-2.306
2017/09/20,-2.441
2017/09/21,-2.565
2017/09/22,-2.683
2017/09/23,-2.793
2017/09/24,-2.9
2017/09/25,-2.952
2017/09/26,-2.972
2017/09/27,-2.966
2017/09/28,-2.949
2017/09/29,-2.932
2017/09/30,-2.9
2017/10/01,-2.822
2017/10/02,-2.695
2017/10/03,-2.56
2017/10/04,-2.406
2017/10/05,-2.241
2017/10/06,-2.086
2017/10/07,-1.961
2017/10/08,-1.853
2017/10/09,-1.738
2017/10/10,-1.592
2017/10/11,-1.448
2017/10/12,-1.253
2017/10/13,-0.838
2017/10/14,-0.361
2017/10/15,0.028
2017/10/16,0.36
2017/10/17,0.637
2017/10/18,0.828
2017/10/19,0.941
2017/10/20,0.991
2017/10/21,1.019
2017/10/22,1.022
2017/10/23,1.03
2017/10/24,1.031
2017/10/25,0.955
2017/10/26,0.82
2017/10/27,0.778
2017/10/28,0.858
2017/10/29,1.025
2017/10/30,1.249
2017/10/31,1.502
2017/11/01,1.784
2017/11/02,2.048
2017/11/03,2.383
2017/11/04,2.712
2017/11/05,2.938
2017/11/06,3.112
2017/11/07,3.217
2017/11/08,3.273
2017/11/09,3.361
2017/11/10,3.477
2017/11/11,3.731
2017/11/12,4.51
2017/11/13,5.312
2017/11/14,5.95
2017/11/15,6.31
2017/11/16,6.389
2017/11/17,6.197
2017/11/18,5.768
2017/11/19,5.19
2017/11/20,4.585
2017/11/21,3.955
2017/11/22,3.34
2017/11/23,2.747
2017/11/24,2.196
2017/11/25,1.656
2017/11/26,1.156
2017/11/27,0.727
2017/11/28,0.378
2017/11/29,0.127
2017/11/30,-0.07
2017/12/01,-0.25
2017/12/02,-0.401
2017/12/03,-0.539
2017/12/04,-0.648
2017/12/05,-0.735
2017/12/06,-0.771
2017/12/07,-0.54
2017/12/08,0.243
2017/12/09,1.169
2017/12/10,2.055
2017/12/11,2.902
2017/12/12,3.716
2017/12/13,4.402
2017/12/14,4.867
2017/12/15,5.238
2017/12/16,5.521
2017/12/17,5.687
2017/12/18,5.775
2017/12/19,5.86
2017/12/20,6.085
2017/12/21,6.565
2017/12/22,7.079
2017/12/23,7.45
2017/12/24,7.514
2017/12/25,7.344
2017/12/26,7.066
2017/12/27,6.664
2017/12/28,6.165
2017/12/29,5.585
2017/12/30,4.962
2017/12/31,4.3
2018/01/01,3.662
2018/01/02,3.071
2018/01/03,2.553
2018/01/04,2.09
2018/01/05,1.725
2018/01/06,1.435
2018/01/07,1.191
2018/01/08,0.985
2018/01/09,0.814
2018/01/10,0.658
2018/01/11,0.509
2018/01/12,0.373
2018/01/13,0.248
2018/01/14,0.139
2018/01/15,0.023
2018/01/16,-0.104
2018/01/17,-0.243
2018/01/18,-0.372
2018/01/19,-0.496
2018/01/20,-0.619
2018/01/21,-0.76
2018/01/22,-0.943
2018/01/23,-1.17
2018/01/24,-1.406
2018/01/25,-1.654
2018/01/26,-1.902
2018/01/27,-2.145
2018/01/28,-2.386
2018/01/29,-2.629
2018/01/30,-2.863
2018/01/31,-3.076
2018/02/01,-3.265
2018/02/02,-3.408
2018/02/03,-3.546
2018/02/04,-3.686
2018/02/05,-3.817
2018/02/06,-3.952
2018/02/07,-4.086
2018/02/08,-4.218
2018/02/09,-4.345
2018/02/10,-4.46
2018/02/11,-4.573
2018/02/12,-4.683
2018/02/13,-4.786
2018/02/14,-4.884
2018/02/15,-4.97
2018/02/16,-5.043
2018/02/17,-5.104
2018/02/18,-5.151
2018/02/19,-5.185
2018/02/20,-5.202
2018/02/21,-5.224
2018/02/22,-5.248
2018/02/23,-5.218
2018/02/24,-5.083
2018/02/25,-4.96
2018/02/26,-4.856
2018/02/27,-4.766
2018/02/28,-4.669
2018/03/01,-4.582
2018/03/02,-4.502
2018/03/03,-4.422
2018/03/04,-4.343
2018/03/05,-4.254
2018/03/06,-4.18
2018/03/07,-4.13
2018/03/08,-4.091
2018/03/09,-4.068
2018/03/10,-4.011
2018/03/11,-3.925
2018/03/12,-3.856
2018/03/13,-3.727
2018/03/14,-3.623
2018/03/15,-3.553
2018/03/16,-3.514
2018/03/17,-3.509
2018/03/18,-3.522
2018/03/19,-3.533
2018/03/20,-3.535
2018/03/21,-3.523
2018/03/22,-3.506
2018/03/23,-3.488
2018/03/24,-3.469
2018/03/25,-3.439
2018/03/26,-3.408
2018/03/27,-3.375
2018/03/28,-3.346
2018/03/29,-3.319
2018/03/30,-3.302
2018/03/31,-3.291
2018/04/01,-3.282
2018/04/02,-3.277
2018/04/03,-3.265
2018/04/04,-3.243
2018/04/05,-3.215
2018/04/06,-3.121
2018/04/07,-2.994
2018/04/08,-2.864
2018/04/09,-2.76
2018/04/10,-2.68
2018/04/11,-2.614
2018/04/12,-2.493
2018/04/13,-2.316
2018/04/14,-2.129
2018/04/15,-1.943
2018/04/16,-1.777
2018/04/17,-1.631
2018/04/18,-1.507
2018/04/19,-1.391
2018/04/20,-1.261
2018/04/21,-1.103
2018/04/22,-0.962
2018/04/23,-0.833
2018/04/24,-0.467
2018/04/25,0.358
2018/04/26,1.193
2018/04/27,1.904
2018/04/28,2.372
2018/04/29,2.631
2018/04/30,2.693
2018/05/01,2.598
2018/05/02,2.449
2018/05/03,2.261
2018/05/04,2.075
2018/05/05,1.866
2018/05/06,1.682
2018/05/07,1.501
2018/05/08,1.299
2018/05/09,1.076
2018/05/10,0.824
2018/05/11,0.623
2018/05/12,0.424
2018/05/13,0.226
2018/05/14,0.066
2018/05/15,-0.052
2018/05/16,-0.171
2018/05/17,-0.13
2018/05/18,0.068
2018/05/19,0.18
2018/05/20,0.204
2018/05/21,0.167
2018/05/22,0.058
2018/05/23,-0.093
2018/05/24,-0.262
2018/05/25,-0.424
2018/05/26,-0.588
2018/05/27,-0.757
2018/05/28,-0.902
2018/05/29,-1.037
2018/05/30,-1.19
2018/05/31,-1.355
2018/06/01,-1.525
2018/06/02,-1.696
2018/06/03,-1.858
2018/06/04,-2
2018/06/05,-2.138
2018/06/06,-2.256
2018/06/07,-2.343
2018/06/08,-2.419
2018/06/09,-2.452
2018/06/10,-2.483
2018/06/11,-2.486
2018/06/12,-2.482
2018/06/13,-2.379
2018/06/14,-2.26
2018/06/15,-2.159
2018/06/16,-2.086
2018/06/17,-1.945
2018/06/18,-1.866
2018/06/19,-1.276
2018/06/20,0.574
2018/06/21,2.107
2018/06/22,3.206
2018/06/23,3.708
2018/06/24,3.767
2018/06/25,3.561
2018/06/26,3.2
2018/06/27,2.766
2018/06/28,2.28
2018/06/29,1.775
2018/06/30,1.283
2018/07/01,0.796
2018/07/02,0.347
2018/07/03,-0.044
2018/07/04,-0.411
2018/07/05,-0.752
2018/07/06,-1.052
2018/07/07,-1.326
2018/07/08,-1.563
2018/07/09,-1.77
2018/07/10,-1.941
2018/07/11,-2.087
2018/07/12,-2.223
2018/07/13,-2.341
2018/07/14,-2.452
2018/07/15,-2.536
2018/07/16,-2.566
2018/07/17,-2.553
2018/07/18,-2.447
2018/07/19,-2.285
2018/07/20,-2.128
2018/07/21,-1.996
2018/07/22,-1.889
2018/07/23,-1.746
2018/07/24,-1.568
2018/07/25,-1.378
2018/07/26,-1.196
2018/07/27,-1.059
2018/07/28,-0.955
2018/07/29,-0.865
2018/07/30,-0.759
2018/07/31,-0.654
2018/08/01,-0.6
2018/08/02,-0.529
2018/08/03,-0.479
2018/08/04,-0.471
2018/08/05,-0.52
2018/08/06,-0.598
2018/08/07,-0.694
2018/08/08,-0.794
2018/08/09,-0.883
2018/08/10,-0.964
2018/08/11,-1.06
2018/08/12,-1.164
2018/08/13,-1.241
2018/08/14,-1.27
2018/08/15,-1.286
2018/08/16,-1.264
2018/08/17,-1.204
2018/08/18,-1.162
2018/08/19,-1.099
2018/08/20,-0.948
2018/08/21,-0.79
2018/08/22,-0.646
2018/08/23,-0.558
2018/08/24,-0.511
2018/08/25,-0.44
2018/08/26,-0.229
2018/08/27,0.031
2018/08/28,0.431
2018/08/29,0.678
2018/08/30,0.818
2018/08/31,0.886
2018/09/01,0.866
2018/09/02,0.788
2018/09/03,0.68
2018/09/04,0.595
2018/09/05,0.582
2018/09/06,0.572
2018/09/07,0.558
2018/09/08,0.476
2018/09/09,0.363
2018/09/10,0.22
2018/09/11,0.08
2018/09/12,-0.042
2018/09/13,-0.176
2018/09/14,-0.291
2018/09/15,-0.431
2018/09/16,-0.586
2018/09/17,-0.744
2018/09/18,-0.889
2018/09/19,-1.037
2018/09/20,-1.17
2018/09/21,-1.23
2018/09/22,-1.26
2018/09/23,-1.29
2018/09/24,-1.336
2018/09/25,-1.358
2018/09/26,-1.354
2018/09/27,-1.298
2018/09/28,-1.154
2018/09/29,-1.024
2018/09/30,-0.939
2018/10/01,-0.846
2018/10/02,-0.712
2018/10/03,-0.602
2018/10/04,-0.538
2018/10/05,-0.479
2018/10/06,-0.438
2018/10/07,-0.471
2018/10/08,-0.526
2018/10/09,-0.585
2018/10/10,-0.662
2018/10/11,-0.739
2018/10/12,-0.796
2018/10/13,-0.864
2018/10/14,-0.934
2018/10/15,-0.932
2018/10/16,-0.912
2018/10/17,-0.887
2018/10/18,-0.862
2018/10/19,-0.843
2018/10/20,-0.846
2018/10/21,-0.873
2018/10/22,-0.895
2018/10/23,-0.911
2018/10/24,-0.917
2018/10/25,-0.909
2018/10/26,-0.883
2018/10/27,-0.89
2018/10/28,-0.859
2018/10/29,-0.812
2018/10/30,-0.777
2018/10/31,-0.776
2018/11/01,-0.782
2018/11/02,-0.788
2018/11/03,-0.819
2018/11/04,-0.855
2018/11/05,-0.87
2018/11/06,-0.855
2018/11/07,-0.807
2018/11/08,-0.719
2018/11/09,-0.597
2018/11/10,-0.501
2018/11/11,-0.456
2018/11/12,-0.423
2018/11/13,-0.395
2018/11/14,-0.303
2018/11/15,-0.064
2018/11/16,0.253
2018/11/17,0.456
2018/11/18,0.553
2018/11/19,0.772
2018/11/20,1.224
2018/11/21,1.672
2018/11/22,1.967
2018/11/23,2.097
2018/11/24,2.09
2018/11/25,1.983
2018/11/26,1.85
2018/11/27,1.675
2018/11/28,1.527
2018/11/29,1.47
2018/11/30,1.419
2018/12/01,1.308
2018/12/02,1.122
2018/12/03,0.932
2018/12/04,0.724
2018/12/05,0.486
2018/12/06,0.232
2018/12/07,-0.004
2018/12/08,-0.271
2018/12/09,-0.565
2018/12/10,-0.836
2018/12/11,-1.079
2018/12/12,-1.302
2018/12/13,-1.508
2018/12/14,-1.686
2018/12/15,-1.869
2018/12/16,-2.052
2018/12/17,-2.216
2018/12/18,-2.303
2018/12/19,-2.301
2018/12/20,-2.248
2018/12/21,-2.125
2018/12/22,-2.034
2018/12/23,-1.988
2018/12/24,-1.915
2018/12/25,-1.873
2018/12/26,-1.874
2018/12/27,-1.909
2018/12/28,-1.96
2018/12/29,-2.012
2018/12/30,-2.076
2018/12/31,-2.124
2019/01/01,-2.19
2019/01/02,-2.212
2019/01/03,-2.201
2019/01/04,-2.156
2019/01/05,-2.145
2019/01/06,-2.104
2019/01/07,-1.976
2019/01/08,-1.842
2019/01/09,-1.676
2019/01/10,-1.492
2019/01/11,-1.313
2019/01/12,-1.194
2019/01/13,-1.148
2019/01/14,-1.124
2019/01/15,-1.082
2019/01/16,-0.995
2019/01/17,-0.888
2019/01/18,-0.802
2019/01/19,-0.749
2019/01/20,-0.762
2019/01/21,-0.778
2019/01/22,-0.769
2019/01/23,-0.721
2019/01/24,-0.656
2019/01/25,-0.556
2019/01/26,-0.478
2019/01/27,-0.455
2019/01/28,-0.409
2019/01/29,-0.375
2019/01/30,-0.363
2019/01/31,-0.316
2019/02/01,-0.197
2019/02/02,-0.159
2019/02/03,-0.207
2019/02/04,-0.304
2019/02/05,-0.435
2019/02/06,-0.54
2019/02/07,-0.671
2019/02/08,-0.759
2019/02/09,-0.822
2019/02/10,-0.904
2019/02/11,-0.897
2019/02/12,-0.643
2019/02/13,-0.323
2019/02/14,-0.072
2019/02/15,0.175
2019/02/16,0.33
2019/02/17,0.383
2019/02/18,0.478
2019/02/19,0.68
2019/02/20,0.995
2019/02/21,1.345
2019/02/22,1.672
2019/02/23,1.836
2019/02/24,1.938
2019/02/25,2.053
2019/02/26,2.1
2019/02/27,2.087
2019/02/28,1.992
2019/03/01,1.86
2019/03/02,1.673
2019/03/03,1.415
2019/03/04,1.217
2019/03/05,1.09
2019/03/06,1.125
2019/03/07,1.249
2019/03/08,1.377
2019/03/09,1.444
2019/03/10,1.428
2019/03/11,1.396
2019/03/12,1.368
2019/03/13,1.382
2019/03/14,1.414
2019/03/15,1.401
2019/03/16,1.31
2019/03/17,1.141
2019/03/18,0.94
2019/03/19,0.716
2019/03/20,0.531
2019/03/21,0.454
2019/03/22,0.375
2019/03/23,0.25
2019/03/24,0.095
2019/03/25,-0.019
2019/03/26,-0.083
2019/03/27,-0.04
2019/03/28,0.063
2019/03/29,0.333
2019/03/30,0.628
2019/03/31,0.848
2019/04/01,1.139
2019/04/02,1.84
2019/04/03,3.133
2019/04/04,4.757
2019/04/05,5.977
2019/04/06,6.608
2019/04/07,6.87
2019/04/08,7.135
2019/04/09,7.273
2019/04/10,7.182
2019/04/11,6.933
2019/04/12,6.545
2019/04/13,5.947
2019/04/14,5.252
2019/04/15,4.6
2019/04/16,4.013
2019/04/17,3.504
2019/04/18,3.022
2019/04/19,2.614
2019/04/20,2.224
2019/04/21,1.791
2019/04/22,1.451
2019/04/23,1.328
2019/04/24,1.356
2019/04/25,1.369
2019/04/26,1.353
2019/04/27,1.211
2019/04/28,0.967
2019/04/29,0.749
2019/04/30,0.617
2019/05/01,0.436
2019/05/02,0.227
2019/05/03,0.103
2019/05/04,-0.011
2019/05/05,-0.087
2019/05/06,-0.123
2019/05/07,-0.024
2019/05/08,0.166
2019/05/09,0.428
2019/05/10,0.853
2019/05/11,1.364
2019/05/12,1.833
2019/05/13,2.222
2019/05/14,2.676
2019/05/15,3.377
2019/05/16,4.273
2019/05/17,5.117
2019/05/18,5.497
2019/05/19,5.575
2019/05/20,5.606
2019/05/21,5.63
2019/05/22,5.52
2019/05/23,5.282
2019/05/24,5.076
2019/05/25,4.756
2019/05/26,4.271
2019/05/27,3.942
2019/05/28,3.724
2019/05/29,3.537
2019/05/30,3.399
2019/05/31,3.418
2019/06/01,3.361
2019/06/02,3.192
2019/06/03,3.16
2019/06/04,3.098
2019/06/05,2.909
2019/06/06,2.594
2019/06/07,2.204
2019/06/08,1.755
2019/06/09,1.266
2019/06/10,0.819
2019/06/11,0.441
2019/06/12,0.129
2019/06/13,-0.143
2019/06/14,-0.358
2019/06/15,-0.571
2019/06/16,-0.758
2019/06/17,-0.84
2019/06/18,-0.895
2019/06/19,-0.951
2019/06/20,-0.946
2019/06/21,-0.862
2019/06/22,-0.723
2019/06/23,-0.658
2019/06/24,-0.601
2019/06/25,-0.48
2019/06/26,-0.162
2019/06/27,0.327
2019/06/28,0.796
2019/06/29,1.096
2019/06/30,1.27
2019/07/01,1.379
2019/07/02,1.378
2019/07/03,1.265
2019/07/04,1.083
2019/07/05,0.834
2019/07/06,0.514
2019/07/07,0.162
2019/07/08,-0.163
2019/07/09,-0.432
2019/07/10,-0.584
2019/07/11,-0.693
2019/07/12,-0.815
2019/07/13,-0.976
2019/07/14,-1.17
2019/07/15,-1.343
2019/07/16,-1.504
2019/07/17,-1.64
2019/07/18,-1.721
2019/07/19,-1.743
2019/07/20,-1.788
2019/07/21,-1.864
2019/07/22,-1.927
2019/07/23,-1.987
2019/07/24,-2.039
2019/07/25,-2.078
2019/07/26,-2.126
2019/07/27,-2.202
2019/07/28,-2.312
2019/07/29,-2.42
2019/07/30,-2.459
2019/07/31,-2.474
2019/08/01,-2.474
2019/08/02,-2.467
2019/08/03,-2.497
2019/08/04,-2.573
2019/08/05,-2.591
2019/08/06,-2.562
2019/08/07,-2.402
2019/08/08,-2.122
2019/08/09,-1.787
2019/08/10,-1.521
2019/08/11,-1.343
2019/08/12,-1.143
2019/08/13,-0.89
2019/08/14,-0.685
2019/08/15,-0.547
2019/08/16,-0.444
2019/08/17,-0.418
2019/08/18,-0.468
2019/08/19,-0.531
2019/08/20,-0.574
2019/08/21,-0.57
2019/08/22,-0.54
2019/08/23,-0.554
2019/08/24,-0.631
2019/08/25,-0.782
2019/08/26,-0.927
2019/08/27,-1.063
2019/08/28,-1.195
2019/08/29,-1.328
2019/08/30,-1.453
2019/08/31,-1.607
2019/09/01,-1.773
2019/09/02,-1.908
2019/09/03,-1.976
2019/09/04,-1.975
2019/09/05,-1.941
2019/09/06,-1.884
2019/09/07,-1.845
2019/09/08,-1.835
2019/09/09,-1.792
2019/09/10,-1.713
2019/09/11,-1.626
2019/09/12,-1.559
2019/09/13,-1.503
2019/09/14,-1.492
2019/09/15,-1.518
2019/09/16,-1.529
2019/09/17,-1.493
2019/09/18,-1.438
2019/09/19,-1.348
2019/09/20,-1.258
2019/09/21,-1.224
2019/09/22,-1.24
2019/09/23,-1.184
2019/09/24,-1.096
2019/09/25,-0.985
2019/09/26,-0.927
2019/09/27,-0.87
2019/09/28,-0.887
2019/09/29,-0.953
2019/09/30,-0.935
2019/10/01,-0.826
2019/10/02,-0.722
2019/10/03,-0.621
2019/10/04,-0.594
2019/10/05,-0.667
2019/10/06,-0.802
2019/10/07,-0.938
2019/10/08,-1.05
2019/10/09,-1.105
2019/10/10,-1.112
2019/10/11,-1.124
2019/10/12,-1.166
2019/10/13,-1.247
2019/10/14,-1.305
2019/10/15,-1.348
2019/10/16,-1.359
2019/10/17,-1.368
2019/10/18,-1.381
2019/10/19,-1.424
2019/10/20,-1.498
2019/10/21,-1.573
2019/10/22,-1.628
2019/10/23,-1.617
2019/10/24,-1.55
2019/10/25,-1.396
2019/10/26,-0.989
2019/10/27,-0.497
2019/10/28,0.001
2019/10/29,0.448
2019/10/30,0.802
2019/10/31,1.113
2019/11/01,1.392
2019/11/02,1.544
2019/11/03,1.577
2019/11/04,1.722
2019/11/05,1.856
2019/11/06,1.944
2019/11/07,1.987
2019/11/08,2.008
2019/11/09,1.913
2019/11/10,1.709
2019/11/11,1.472
2019/11/12,1.232
2019/11/13,1.03
2019/11/14,0.807
2019/11/15,0.59
2019/11/16,0.363
2019/11/17,0.138
2019/11/18,-0.053
2019/11/19,-0.191
2019/11/20,-0.329
2019/11/21,-0.409
2019/11/22,-0.433
2019/11/23,-0.532
2019/11/24,-0.69
2019/11/25,-0.788
2019/11/26,-0.817
2019/11/27,-0.829
2019/11/28,-0.862
2019/11/29,-0.865
2019/11/30,-0.857
2019/12/01,-0.886
2019/12/02,-0.933
2019/12/03,-1.002
2019/12/04,-1.056
2019/12/05,-1.124
2019/12/06,-1.184
2019/12/07,-1.267
2019/12/08,-1.386
2019/12/09,-1.484
2019/12/10,-1.558
2019/12/11,-1.585
2019/12/12,-1.606
2019/12/13,-1.623
2019/12/14,-1.677
2019/12/15,-1.694
2019/12/16,-1.705
2019/12/17,-1.706
2019/12/18,-1.66
2019/12/19,-1.563
2019/12/20,-1.465
2019/12/21,-1.428
2019/12/22,-1.453
2019/12/23,-1.466
2019/12/24,-1.476
2019/12/25,-1.501
2019/12/26,-1.505
2019/12/27,-1.523
2019/12/28,-1.566
2019/12/29,-1.623
2019/12/30,-1.676
2019/12/31,-1.718
2020/01/01,-1.783
2020/01/02,-1.84
2020/01/03,-1.867
2020/01/04,-1.895
2020/01/05,-1.925
2020/01/06,-1.85
2020/01/07,-1.667
2020/01/08,-1.307
2020/01/09,-0.871
2020/01/10,-0.379
2020/01/11,-0.025
2020/01/12,0.183
2020/01/13,0.323
2020/01/14,0.49
2020/01/15,0.754
2020/01/16,0.966
2020/01/17,1.144
2020/01/18,1.23
2020/01/19,1.232
2020/01/20,1.167
2020/01/21,1.095
2020/01/22,1.025
2020/01/23,0.941
2020/01/24,0.801
2020/01/25,0.585
2020/01/26,0.337
2020/01/27,0.203
2020/01/28,0.145
2020/01/29,0.115
2020/01/30,0.103
2020/01/31,0.136
2020/02/01,0.156
2020/02/02,0.17
2020/02/03,0.205
2020/02/04,0.297
2020/02/05,0.394
2020/02/06,0.569
2020/02/07,0.821
2020/02/08,0.991
2020/02/09,1.082
2020/02/10,1.24
2020/02/11,1.438
2020/02/12,1.715
2020/02/13,1.998
2020/02/14,2.232
2020/02/15,2.367
2020/02/16,2.361
2020/02/17,2.258
2020/02/18,2.163
2020/02/19,2.089
2020/02/20,1.988
2020/02/21,1.812
2020/02/22,1.569
2020/02/23,1.288
2020/02/24,1.031
2020/02/25,0.807
2020/02/26,0.647
2020/02/27,0.502
2020/02/28,0.346
2020/02/29,0.158
2020/03/01,-0.082
2020/03/02,-0.285
2020/03/03,-0.438
2020/03/04,-0.565
2020/03/05,-0.657
2020/03/06,-0.692
2020/03/07,-0.746
2020/03/08,-0.833
2020/03/09,-0.897
2020/03/10,-0.91
2020/03/11,-0.841
2020/03/12,-0.608
2020/03/13,-0.11
2020/03/14,0.335
2020/03/15,0.731
2020/03/16,1.096
2020/03/17,1.423
2020/03/18,1.751
2020/03/19,2.098
2020/03/20,2.522
2020/03/21,2.767
2020/03/22,2.815
2020/03/23,2.801
2020/03/24,2.7
2020/03/25,2.635
2020/03/26,2.55
2020/03/27,2.383
2020/03/28,2.105
2020/03/29,1.723
2020/03/30,1.306
2020/03/31,0.899
2020/04/01,0.505
2020/04/02,0.127
2020/04/03,-0.207
2020/04/04,-0.545
2020/04/05,-0.884
2020/04/06,-1.176
2020/04/07,-1.409
2020/04/08,-1.596
2020/04/09,-1.739
2020/04/10,-1.866
2020/04/11,-2.009
2020/04/12,-2.153
2020/04/13,-2.29
2020/04/14,-2.38
2020/04/15,-2.412
2020/04/16,-2.388
2020/04/17,-2.315
2020/04/18,-2.255
2020/04/19,-2.215
2020/04/20,-2.167
2020/04/21,-2.107
2020/04/22,-1.995
2020/04/23,-1.753
2020/04/24,-1.438
2020/04/25,-1.127
2020/04/26,-0.877
2020/04/27,-0.65
2020/04/28,-0.461
2020/04/29,-0.075
2020/04/30,1.038
2020/05/01,2.503
2020/05/02,3.78
2020/05/03,4.698
2020/05/04,5.286
2020/05/05,5.643
2020/05/06,5.786
2020/05/07,5.924
2020/05/08,6.21
2020/05/09,6.38
2020/05/10,6.245
2020/05/11,6.064
2020/05/12,5.898
2020/05/13,5.825
2020/05/14,6.115
2020/05/15,6.489
2020/05/16,6.569
2020/05/17,6.549
2020/05/18,6.689
2020/05/19,6.931
2020/05/20,7.176
2020/05/21,7.298
2020/05/22,7.174
2020/05/23,6.738
2020/05/24,6.098
2020/05/25,5.378
2020/05/26,4.599
2020/05/27,3.83
2020/05/28,3.136
2020/05/29,2.55
2020/05/30,1.989
2020/05/31,1.467
2020/06/01,1.008
2020/06/02,0.66
2020/06/03,0.346
2020/06/04,0.026
2020/06/05,-0.301
2020/06/06,-0.66
2020/06/07,-1.032
2020/06/08,-1.378
2020/06/09,-1.711
2020/06/10,-2.014
2020/06/11,-2.289
2020/06/12,-2.552
2020/06/13,-2.811
2020/06/14,-3.072
2020/06/15,-3.281
2020/06/16,-3.416
2020/06/17,-3.494
2020/06/18,-3.512
2020/06/19,-3.495
2020/06/20,-3.485
2020/06/21,-3.485
2020/06/22,-3.464
2020/06/23,-3.411
2020/06/24,-3.328
2020/06/25,-3.231
2020/06/26,-3.153
2020/06/27,-3.109
2020/06/28,-3.102
2020/06/29,-3.078
2020/06/30,-2.989
2020/07/01,-2.821
2020/07/02,-2.597
2020/07/03,-2.341
2020/07/04,-2.141
2020/07/05,-2.013
2020/07/06,-1.91
2020/07/07,-1.81
2020/07/08,-1.679
2020/07/09,-1.506
2020/07/10,-1.33
2020/07/11,-1.211
2020/07/12,-1.166
2020/07/13,-1.095
2020/07/14,-0.935
2020/07/15,-0.669
2020/07/16,-0.307
2020/07/17,0.165
2020/07/18,0.653
2020/07/19,0.983
2020/07/20,1.338
2020/07/21,1.813
2020/07/22,2.436
2020/07/23,3.117
2020/07/24,3.653
2020/07/25,3.992
2020/07/26,4.106
2020/07/27,4.269
2020/07/28,4.707
2020/07/29,5.199
2020/07/30,5.701
2020/07/31,6.035
2020/08/01,6.163
2020/08/02,6.042
2020/08/03,5.789
2020/08/04,5.403
2020/08/05,5.1
2020/08/06,4.941
2020/08/07,4.717
2020/08/08,4.319
2020/08/09,3.799
2020/08/10,3.418
2020/08/11,3.121
2020/08/12,2.819
2020/08/13,2.505
2020/08/14,2.166
2020/08/15,1.771
2020/08/16,1.356
2020/08/17,1.003
2020/08/18,0.841
2020/08/19,0.783
2020/08/20,0.755
2020/08/21,0.774
2020/08/22,0.72
2020/08/23,0.556
2020/08/24,0.355
2020/08/25,0.174
2020/08/26,0.04
2020/08/27,-0.032
2020/08/28,-0.114
2020/08/29,-0.244
2020/08/30,-0.388
2020/08/31,-0.489
2020/09/01,-0.53
2020/09/02,-0.486
2020/09/03,-0.378
2020/09/04,-0.195
2020/09/05,-0.069
2020/09/06,-0.052
2020/09/07,-0.09
2020/09/08,-0.19
2020/09/09,-0.305
2020/09/10,-0.399
2020/09/11,-0.481
2020/09/12,-0.623
2020/09/13,-0.8
2020/09/14,-0.976
2020/09/15,-1.126
2020/09/16,-1.253
2020/09/17,-1.375
2020/09/18,-1.478
2020/09/19,-1.6
2020/09/20,-1.755
2020/09/21,-1.868
2020/09/22,-1.926
2020/09/23,-1.913
2020/09/24,-1.857
2020/09/25,-1.8
2020/09/26,-1.796
2020/09/27,-1.831
2020/09/28,-1.847
2020/09/29,-1.807
2020/09/30,-1.699
2020/10/01,-1.485
2020/10/02,-1.162
2020/10/03,-0.917
2020/10/04,-0.756
2020/10/05,-0.537
2020/10/06,-0.267
2020/10/07,-0.032
2020/10/08,0.182
2020/10/09,0.392
2020/10/10,0.524
2020/10/11,0.544
2020/10/12,0.53
2020/10/13,0.478
2020/10/14,0.411
2020/10/15,0.336
2020/10/16,0.226
2020/10/17,0.031
2020/10/18,-0.181
2020/10/19,-0.382
2020/10/20,-0.498
2020/10/21,-0.386
2020/10/22,0.019
2020/10/23,0.544
2020/10/24,0.96
2020/10/25,1.238
2020/10/26,1.595
2020/10/27,2.34
2020/10/28,3.372
2020/10/29,4.53
2020/10/30,5.659
2020/10/31,6.608
2020/11/01,7.014
2020/11/02,7.283
2020/11/03,7.351
2020/11/04,7.099
2020/11/05,6.827
2020/11/06,6.483
2020/11/07,5.951
2020/11/08,5.272
2020/11/09,4.581
2020/11/10,3.961
2020/11/11,3.319
2020/11/12,2.687
2020/11/13,2.108
2020/11/14,1.52
2020/11/15,0.927
2020/11/16,0.414
2020/11/17,-0.027
2020/11/18,-0.39
2020/11/19,-0.669
2020/11/20,-0.926
2020/11/21,-1.198
2020/11/22,-1.491
2020/11/23,-1.74
2020/11/24,-1.902
2020/11/25,-1.983
2020/11/26,-1.988
2020/11/27,-1.98
2020/11/28,-1.999
2020/11/29,-2.059
2020/11/30,-2.04
2020/12/01,-1.879
2020/12/02,-1.611
2020/12/03,-1.256
2020/12/04,-0.92
2020/12/05,-0.69
2020/12/06,-0.588
2020/12/07,-0.541
2020/12/08,-0.542
2020/12/09,-0.574
2020/12/10,-0.619
2020/12/11,-0.674
2020/12/12,-0.775
2020/12/13,-0.922
2020/12/14,-1.051
2020/12/15,-1.134
2020/12/16,-1.14
2020/12/17,-0.773
2020/12/18,-0.168
2020/12/19,0.386
2020/12/20,0.778
2020/12/21,1.308
2020/12/22,1.773
2020/12/23,2.179
2020/12/24,2.478
2020/12/25,2.599
2020/12/26,2.558
2020/12/27,2.483
2020/12/28,2.409
2020/12/29,2.321
2020/12/30,2.236
2020/12/31,2.178
2021/01/01,1.989
2021/01/02,1.823
2021/01/03,1.669
2021/01/04,1.569
2021/01/05,1.538
2021/01/06,1.579
2021/01/07,1.668
2021/01/08,1.886
2021/01/09,2.126
2021/01/10,2.262
2021/01/11,2.406
2021/01/12,2.631
2021/01/13,2.813
2021/01/14,2.979
2021/01/15,3.11
2021/01/16,3.052
2021/01/17,2.828
2021/01/18,2.54
2021/01/19,2.258
2021/01/20,1.975
2021/01/21,1.778
2021/01/22,1.584
2021/01/23,1.326
2021/01/24,1.022
2021/01/25,0.782
2021/01/26,0.525
2021/01/27,0.273
2021/01/28,0.044
2021/01/29,0.033
2021/01/30,0.117
2021/01/31,0.182
2021/02/01,0.316
2021/02/02,0.455
2021/02/03,0.592
2021/02/04,0.78
2021/02/05,0.944
2021/02/06,1.06
2021/02/07,1.081
2021/02/08,1.14
2021/02/09,1.402
2021/02/10,1.711
2021/02/11,2.132
2021/02/12,2.581
2021/02/13,2.854
2021/02/14,2.932
2021/02/15,2.913
2021/02/16,2.84
2021/02/17,2.78
2021/02/18,2.746
2021/02/19,2.732
2021/02/20,2.735
2021/02/21,2.711
2021/02/22,2.678
2021/02/23,2.721
2021/02/24,2.725
2021/02/25,2.653
2021/02/26,2.523
2021/02/27,2.264
2021/02/28,1.929
2021/03/01,1.639
2021/03/02,1.368
2021/03/03,1.132
2021/03/04,0.917
2021/03/05,0.701
2021/03/06,0.445
2021/03/07,0.182
2021/03/08,-0.051
2021/03/09,-0.215
2021/03/10,-0.342
2021/03/11,-0.395
2021/03/12,-0.403
2021/03/13,-0.333
2021/03/14,-0.302
2021/03/15,-0.239
2021/03/16,-0.196
2021/03/17,-0.155
2021/03/18,-0.068
2021/03/19,0.012
2021/03/20,0.034
2021/03/21,-0.013
2021/03/22,-0.085
2021/03/23,-0.196
2021/03/24,-0.316
2021/03/25,-0.451
2021/03/26,-0.578
2021/03/27,-0.716
2021/03/28,-0.852
2021/03/29,-0.953
2021/03/30,-0.995
2021/03/31,-0.986
2021/04/01,-0.956
2021/04/02,-0.907
2021/04/03,-0.841
2021/04/04,-0.789
2021/04/05,-0.704
2021/04/06,-0.585
2021/04/07,-0.476
2021/04/08,-0.366
2021/04/09,-0.232
2021/04/10,-0.127
2021/04/11,-0.088
2021/04/12,-0.039
2021/04/13,0.035
2021/04/14,0.237
2021/04/15,0.486
2021/04/16,0.915
2021/04/17,1.591
2021/04/18,2.266
2021/04/19,3.065
2021/04/20,3.873
2021/04/21,4.626
2021/04/22,5.2
2021/04/23,5.442
2021/04/24,5.281
2021/04/25,4.845
2021/04/26,4.398
2021/04/27,3.898
2021/04/28,3.367
2021/04/29,2.871
2021/04/30,2.395
2021/05/01,1.914
2021/05/02,1.438
2021/05/03,1.001
2021/05/04,0.576
2021/05/05,0.175
2021/05/06,-0.179
2021/05/07,-0.492
2021/05/08,-0.772
2021/05/09,-1.034
2021/05/10,-1.251
2021/05/11,-1.464
2021/05/12,-1.667
2021/05/13,-1.866
2021/05/14,-2.045
2021/05/15,-2.209
2021/05/16,-2.369
2021/05/17,-2.501
2021/05/18,-2.607
2021/05/19,-2.642
2021/05/20,-2.576
2021/05/21,-2.44
2021/05/22,-2.308
2021/05/23,-2.206
2021/05/24,-2.12
2021/05/25,-2.057
2021/05/26,-2.019
2021/05/27,-2.009
2021/05/28,-2.021
2021/05/29,-2.083
2021/05/30,-2.188
2021/05/31,-2.318
2021/06/01,-2.457
2021/06/02,-2.593
2021/06/03,-2.721
2021/06/04,-2.848
2021/06/05,-2.984
2021/06/06,-3.136
2021/06/07,-3.28
2021/06/08,-3.421
2021/06/09,-3.54
2021/06/10,-3.617
2021/06/11,-3.654
2021/06/12,-3.678
2021/06/13,-3.711
2021/06/14,-3.714
2021/06/15,-3.686
2021/06/16,-3.637
2021/06/17,-3.592
2021/06/18,-3.546
2021/06/19,-3.505
2021/06/20,-3.465
2021/06/21,-3.38
2021/06/22,-3.227
2021/06/23,-3.014
2021/06/24,-2.792
2021/06/25,-2.57
2021/06/26,-2.4
2021/06/27,-2.21
2021/06/28,-1.971
2021/06/29,-1.679
2021/06/30,-1.335
2021/07/01,-0.944
2021/07/02,-0.528
2021/07/03,-0.192
2021/07/04,0.086
2021/07/05,0.256
2021/07/06,0.341
2021/07/07,0.329
2021/07/08,0.2
2021/07/09,-0.006
2021/07/10,-0.268
2021/07/11,-0.545
2021/07/12,-0.799
2021/07/13,-1.023
2021/07/14,-1.252
2021/07/15,-1.482
2021/07/16,-1.728
2021/07/17,-1.984
2021/07/18,-2.23
2021/07/19,-2.452
2021/07/20,-2.659
2021/07/21,-2.862
2021/07/22,-3.052
2021/07/23,-3.195
2021/07/24,-3.32
2021/07/25,-3.436
2021/07/26,-3.507
2021/07/27,-3.553
2021/07/28,-3.57
2021/07/29,-3.573
2021/07/30,-3.56
2021/07/31,-3.533
2021/08/01,-3.497
2021/08/02,-3.448
2021/08/03,-3.4
2021/08/04,-3.322
2021/08/05,-3.225
2021/08/06,-3.12
2021/08/07,-3.017
2021/08/08,-2.903
2021/08/09,-2.772
2021/08/10,-2.627
2021/08/11,-2.48
2021/08/12,-2.335
2021/08/13,-2.045
2021/08/14,-1.798
2021/08/15,-1.588
2021/08/16,-1.371
2021/08/17,-1.165
2021/08/18,-0.972
2021/08/19,-0.837
2021/08/20,-0.705
2021/08/21,-0.6
2021/08/22,-0.477
2021/08/23,-0.378
2021/08/24,-0.286
2021/08/25,-0.239
2021/08/26,-0.246
2021/08/27,-0.279
2021/08/28,-0.309
2021/08/29,-0.353
2021/08/30,-0.386
2021/08/31,-0.41
2021/09/01,-0.37
2021/09/02,-0.252
2021/09/03,-0.104
2021/09/04,0.002
2021/09/05,0.069
2021/09/06,0.174
2021/09/07,0.301
2021/09/08,0.359
2021/09/09,0.358
2021/09/10,0.327
2021/09/11,0.256
2021/09/12,0.142
2021/09/13,0.064
2021/09/14,0.001
2021/09/15,-0.007
2021/09/16,0.016
2021/09/17,0.029
2021/09/18,0.018
2021/09/19,-0.051
2021/09/20,-0.125
2021/09/21,-0.174
2021/09/22,-0.241
2021/09/23,-0.307
2021/09/24,-0.346
2021/09/25,-0.437
2021/09/26,-0.545
2021/09/27,-0.631
2021/09/28,-0.694
2021/09/29,-0.76
2021/09/30,-0.801
2021/10/01,-0.775
2021/10/02,-0.768
2021/10/03,-0.755
2021/10/04,-0.711
2021/10/05,-0.649
2021/10/06,-0.467
2021/10/07,-0.121
2021/10/08,0.269
2021/10/09,0.592
2021/10/10,0.855
2021/10/11,1.147
2021/10/12,1.41
2021/10/13,1.571
2021/10/14,1.658
2021/10/15,1.758
2021/10/16,1.806
2021/10/17,1.783
2021/10/18,1.732
2021/10/19,1.626
2021/10/20,1.585
2021/10/21,1.575
2021/10/22,1.532
2021/10/23,1.429
2021/10/24,1.255
2021/10/25,1.084
2021/10/26,0.906
2021/10/27,0.706
2021/10/28,0.505
2021/10/29,0.352
2021/10/30,0.19
2021/10/31,0.028
2021/11/01,-0.076
2021/11/02,-0.101
2021/11/03,-0.09
2021/11/04,-0.052
2021/11/05,0.021
2021/11/06,0.039
2021/11/07,0.011
2021/11/08,0.032
2021/11/09,0.16
2021/11/10,0.304
2021/11/11,0.401
2021/11/12,0.459
2021/11/13,0.449
2021/11/14,0.367
2021/11/15,0.269
2021/11/16,0.147
2021/11/17,0.028
2021/11/18,-0.116
2021/11/19,-0.246
2021/11/20,-0.334
2021/11/21,-0.432
2021/11/22,-0.526
2021/11/23,-0.618
2021/11/24,-0.687
2021/11/25,-0.712
2021/11/26,-0.721
2021/11/27,-0.784
2021/11/28,-0.882
2021/11/29,-0.978
2021/11/30,-1.042
2021/12/01,-0.95
2021/12/02,-0.808
2021/12/03,-0.707
2021/12/04,-0.569
2021/12/05,-0.28
2021/12/06,-0.131
2021/12/07,-0.099
2021/12/08,-0.149
2021/12/09,-0.24
2021/12/10,-0.355
2021/12/11,-0.51
2021/12/12,-0.7
2021/12/13,-0.842
